OppName,OppFPI,DukeFPI,FPI_diff,DukeFPI_NetChange,OppFPI_PrevYear,FPI_Diff_PrevYear,Surface,Month,Date,Year,Day,Start_Time,Site,Result,DukePts,OppPts,PointDiff,AttNum,AttPct,ESPN_WinPred,COVID_Limit,Rain,City,State,TV_Coverage,Bowl,DukeRankGametime,OppRankGametime,OppRankSeasonEnd,DukeRankedGametime,OppRankedGametime,OppRankedSeasonEnd,1stSeedQB,SchoolBreak,NatlHoliday,UNC_Game,Undefeated_All,Undefeated_Home,Game_After_Loss,Home_Game_After_Home_Loss,First_Game,First_Home_Game,Win_Streak,New_Coach,Record_Past_2,Record_Past_3,Record_Past_4,Record_Past_5,Future_Game,Rennovated
Richmond,NA,-6.1,NA,-2.1,NA,NA,Grass,9,3,2011,Sat,19,Home,L,21,23,-2,32741,96.46445302,NA,FALSE,,Durham,NC,ESPN3,FALSE,NA,NA,NA,FALSE,FALSE,FALSE,,FALSE,,FALSE,TRUE,TRUE,FALSE,,TRUE,TRUE,0,FALSE,0,0,1,2,FALSE,FALSE
Stanford,24.4,-6.1,30.5,-2.1,24.2,28.2,Grass,9,10,2011,Sat,15.5,Home,L,14,44,-30,24785,73.02377655,NA,FALSE,,Durham,NC,ESPNU,FALSE,NA,6,7,FALSE,TRUE,TRUE,,FALSE,,FALSE,FALSE,FALSE,TRUE,TRUE,FALSE,FALSE,0,FALSE,0,0,0,1,FALSE,FALSE
Boston College,-0.5,-6.1,5.6,-2.1,3.3,7.3,Turf,9,17,2011,Sat,12.5,Away,W,20,19,1,35812,80.47640449,NA,FALSE,,Chestnut Hill,MA,ESGP,FALSE,NA,NA,NA,FALSE,FALSE,FALSE,,FALSE,,FALSE,FALSE,FALSE,TRUE,,FALSE,FALSE,0,FALSE,0,0,0,0,FALSE,FALSE
Tulane,-20.3,-6.1,-14.2,-2.1,-17.3,-13.3,Grass,9,24,2011,Sat,15.5,Home,W,48,27,21,20138,59.33237088,NA,FALSE,,Durham,NC,ESPN3,FALSE,NA,NA,NA,FALSE,FALSE,FALSE,,FALSE,,FALSE,FALSE,FALSE,FALSE,TRUE,FALSE,FALSE,1,FALSE,1,1,1,1,FALSE,FALSE
Florida Int'l,-5.1,-6.1,1,-2.1,-6.3,-2.3,Turf,10,1,2011,Sat,19,Away,W,31,27,4,22682,113.41,NA,FALSE,,Miami,FL,ESPNU,FALSE,NA,NA,NA,FALSE,FALSE,FALSE,,FALSE,,FALSE,FALSE,FALSE,FALSE,,FALSE,FALSE,2,FALSE,2,2,2,2,FALSE,FALSE
Florida St.,15.3,-6.1,21.4,-2.1,17.2,21.2,Grass,10,15,2011,Sat,15,Home,L,16,41,-25,24687,72.73504022,NA,FALSE,,Durham,NC,ESGP,FALSE,NA,NA,23,FALSE,FALSE,TRUE,,FALSE,,FALSE,FALSE,FALSE,FALSE,FALSE,FALSE,FALSE,3,FALSE,2,3,3,3,FALSE,FALSE
Wake Forest,-0.2,-6.1,5.9,-2.1,-6,-2,Grass,10,22,2011,Sat,12.5,Home,L,23,24,-1,22258,65.57850387,NA,FALSE,,Durham,NC,ESGP,FALSE,NA,NA,NA,FALSE,FALSE,FALSE,,FALSE,,FALSE,FALSE,FALSE,TRUE,TRUE,FALSE,FALSE,0,FALSE,1,2,3,3,FALSE,FALSE
Virginia Tech,11.8,-6.1,17.9,-2.1,18.4,22.4,Grass,10,29,2011,Sat,12.5,Home,L,10,14,-4,27392,80.70475236,NA,FALSE,,Durham,NC,ESGP,FALSE,NA,12,21,FALSE,TRUE,TRUE,,FALSE,,FALSE,FALSE,FALSE,TRUE,TRUE,FALSE,FALSE,0,FALSE,0,1,2,3,FALSE,FALSE
Miami (Fla.),9.3,-6.1,15.4,-2.1,12,16,Grass,11,5,2011,Sat,15,Away,L,14,49,-35,62053,95.47790497,NA,FALSE,,Miami Gardens,FL,ESGP,FALSE,NA,NA,NA,FALSE,FALSE,FALSE,,FALSE,,FALSE,FALSE,FALSE,TRUE,,FALSE,FALSE,0,FALSE,0,0,1,2,FALSE,FALSE
Virginia,0.2,-6.1,6.3,-2.1,-1.9,2.1,Grass,11,12,2011,Sat,15,Away,L,21,31,-10,45733,74.36260163,NA,FALSE,,Charlottesville,VA,ESGP,FALSE,NA,NA,NA,FALSE,FALSE,FALSE,,FALSE,,FALSE,FALSE,FALSE,TRUE,,FALSE,FALSE,0,FALSE,0,0,0,1,FALSE,FALSE
Georgia Tech,5,-6.1,11.1,-2.1,5.3,9.3,Grass,11,19,2011,Sat,12.5,Home,L,31,38,-7,18747,55.23408267,NA,FALSE,,Durham,NC,NA,FALSE,NA,NA,NA,FALSE,FALSE,FALSE,,FALSE,,FALSE,FALSE,FALSE,TRUE,TRUE,FALSE,FALSE,0,FALSE,0,0,0,0,FALSE,FALSE
North Carolina,6.1,-6.1,12.2,-2.1,10.4,14.4,Grass,11,26,2011,Sat,15.5,Away,L,21,37,-16,58500,114.7058824,NA,FALSE,,Chapel Hill,NC,ESGP/ESPN3,FALSE,NA,NA,NA,FALSE,FALSE,FALSE,,TRUE,,TRUE,FALSE,FALSE,TRUE,,FALSE,FALSE,0,FALSE,0,0,0,0,FALSE,FALSE
Florida Int'l,-8,-1.7,-6.3,4.4,-5.1,1,Grass,9,1,2012,Sat,19,Home,W,46,26,20,31117,91.67967944,NA,FALSE,,Durham,NC,ESPN3,FALSE,NA,NA,NA,FALSE,FALSE,FALSE,,FALSE,,FALSE,TRUE,TRUE,FALSE,,TRUE,TRUE,0,FALSE,0,0,0,0,FALSE,FALSE
Stanford,18.5,-1.7,20.2,4.4,24.4,30.5,Grass,9,8,2012,Sat,22.5,Away,L,13,50,-37,44016,87,NA,FALSE,,Stanford,CA,PAC12,FALSE,NA,25,7,FALSE,TRUE,TRUE,,FALSE,,FALSE,TRUE,TRUE,FALSE,,FALSE,FALSE,1,FALSE,1,1,1,1,FALSE,FALSE
N.C. Central,NA,-1.7,NA,4.4,NA,NA,Grass,9,15,2012,Sat,19,Home,W,54,17,37,22829,67.26083498,NA,FALSE,,Durham,NC,ESPN3,FALSE,NA,NA,NA,FALSE,FALSE,FALSE,,FALSE,,FALSE,FALSE,TRUE,TRUE,FALSE,FALSE,FALSE,0,FALSE,1,1,1,1,FALSE,FALSE
Memphis,-13.2,-1.7,-11.5,4.4,-24.6,-18.5,Grass,9,22,2012,Sat,18,Home,W,38,14,24,23658,69.70330868,NA,FALSE,,Durham,NC,ESPN3,FALSE,NA,NA,NA,FALSE,FALSE,FALSE,,FALSE,,FALSE,FALSE,TRUE,FALSE,FALSE,FALSE,FALSE,1,FALSE,1,2,2,2,FALSE,FALSE
Wake Forest,-7.6,-1.7,-5.9,4.4,-0.2,5.9,Turf,9,29,2012,Sat,12.5,Away,W,34,27,7,28743,91,NA,FALSE,,Winston-Salem,NC,ESGP/ESPN3,FALSE,NA,NA,NA,FALSE,FALSE,FALSE,,FALSE,,FALSE,FALSE,TRUE,FALSE,,FALSE,FALSE,2,FALSE,2,2,3,3,FALSE,FALSE
Virginia,-2,-1.7,-0.3,4.4,0.2,6.3,Grass,10,6,2012,Sat,15,Home,W,42,17,25,26856,79.12554138,NA,FALSE,,Durham,NC,ESGP/ESPN3,FALSE,NA,NA,NA,FALSE,FALSE,FALSE,,FALSE,,FALSE,FALSE,TRUE,FALSE,FALSE,FALSE,FALSE,3,FALSE,2,3,3,4,FALSE,FALSE
Virginia Tech,6.5,-1.7,8.2,4.4,11.8,17.9,Grass,10,13,2012,Sat,12.5,Away,L,20,41,-21,65632,100,NA,FALSE,,Blacksburg,VA,ESGP/ESPN3,FALSE,NA,NA,NA,FALSE,FALSE,FALSE,,TRUE,,FALSE,FALSE,TRUE,FALSE,,FALSE,FALSE,4,FALSE,2,3,4,4,FALSE,FALSE
North Carolina,10.6,-1.7,12.3,4.4,6.1,12.2,Grass,10,20,2012,Sat,19,Home,W,33,30,3,33941,100,NA,FALSE,,Durham,NC,ESPNU,FALSE,NA,NA,NA,FALSE,FALSE,FALSE,,FALSE,,TRUE,FALSE,TRUE,TRUE,FALSE,FALSE,FALSE,0,FALSE,1,2,3,4,FALSE,FALSE
Florida St.,22.7,-1.7,24.4,4.4,15.3,21.4,Grass,10,27,2012,Sat,15.5,Away,L,7,48,-41,71467,90,NA,FALSE,,Tallahassee,FL,ESPNU,FALSE,NA,12,10,FALSE,TRUE,TRUE,,FALSE,,FALSE,FALSE,TRUE,FALSE,,FALSE,FALSE,1,FALSE,1,2,3,4,FALSE,FALSE
Clemson,17.2,-1.7,18.9,4.4,8.3,14.4,Grass,11,3,2012,Sat,19,Home,L,20,56,-36,31894,93.96894611,NA,FALSE,,Durham,NC,ESPN2,FALSE,NA,13,11,FALSE,TRUE,TRUE,,FALSE,,FALSE,FALSE,TRUE,TRUE,FALSE,FALSE,FALSE,0,FALSE,1,1,2,3,FALSE,FALSE
Georgia Tech,7.4,-1.7,9.1,4.4,5,11.1,Grass,11,17,2012,Sat,15.5,Away,L,24,42,-18,41904,76,NA,FALSE,,Atlanta,GA,ESPNU,FALSE,NA,NA,NA,FALSE,FALSE,FALSE,,FALSE,,FALSE,FALSE,FALSE,TRUE,,FALSE,FALSE,0,FALSE,0,1,1,2,FALSE,FALSE
Miami (Fla.),7,-1.7,8.7,4.4,9.3,15.4,Grass,11,24,2012,Sat,12.5,Home,L,45,52,-7,26895,79.24044666,NA,FALSE,,Durham,NC,ACCN/ESGP/ESPN3,FALSE,NA,NA,NA,FALSE,FALSE,FALSE,,TRUE,,FALSE,FALSE,FALSE,TRUE,TRUE,FALSE,FALSE,0,FALSE,0,0,1,1,FALSE,FALSE
Cincinnati,8.9,-1.7,10.6,4.4,9.3,15.4,Grass,12,27,2012,Thu,18.5,Neutral,L,34,48,-14,48128,NA,NA,FALSE,,NA,NA,ESPN,TRUE,NA,NA,NA,FALSE,FALSE,FALSE,,TRUE,,FALSE,FALSE,FALSE,TRUE,,FALSE,FALSE,0,FALSE,0,0,0,1,FALSE,FALSE
N.C. Central,NA,6.5,NA,8.2,NA,NA,Grass,8,31,2013,Sat,16,Home,W,45,0,45,22521,66.35337792,NA,FALSE,,Durham,NC,ESPN3,FALSE,NA,NA,NA,FALSE,FALSE,FALSE,,FALSE,,FALSE,TRUE,TRUE,FALSE,,TRUE,TRUE,0,FALSE,0,0,0,0,FALSE,FALSE
Memphis,-6.8,6.5,-13.3,8.2,-13.2,-11.5,Turf,9,7,2013,Sat,16.5,Away,W,28,14,14,44237,76,NA,FALSE,,Memphis,TN,ESPN3,FALSE,NA,NA,NA,FALSE,FALSE,FALSE,,FALSE,,FALSE,TRUE,TRUE,FALSE,,FALSE,FALSE,1,FALSE,1,1,1,1,FALSE,FALSE
Georgia Tech,12.4,6.5,5.9,8.2,7.4,9.1,Grass,9,14,2013,Sat,15.5,Home,L,14,38,-24,21267,62.65873133,NA,FALSE,,Durham,NC,ESPNU,FALSE,NA,NA,NA,FALSE,FALSE,FALSE,,FALSE,,FALSE,TRUE,TRUE,FALSE,FALSE,FALSE,FALSE,2,FALSE,2,2,2,2,FALSE,FALSE
Pittsburgh,5.3,6.5,-1.2,8.2,5.4,7.1,Grass,9,21,2013,Sat,12.5,Home,L,55,58,-3,22714,66.92201173,NA,FALSE,,Durham,NC,ESGP/ESPN3,FALSE,NA,NA,NA,FALSE,FALSE,FALSE,,FALSE,,FALSE,FALSE,FALSE,TRUE,TRUE,FALSE,FALSE,0,FALSE,1,2,2,2,FALSE,FALSE
Troy,-10,6.5,-16.5,8.2,-5.4,-3.7,Grass,9,28,2013,Sat,15,Home,W,38,31,7,30126,88.7599069,NA,FALSE,,Durham,NC,ESPN3,FALSE,NA,NA,NA,FALSE,FALSE,FALSE,,FALSE,,FALSE,FALSE,FALSE,TRUE,TRUE,FALSE,FALSE,0,FALSE,0,1,2,2,FALSE,FALSE
Navy,3.6,6.5,-2.9,8.2,-5,-3.3,Grass,10,12,2013,Sat,12.5,Home,W,35,7,28,23749,69.971421,NA,FALSE,,Durham,NC,ESGP/ESPN3,FALSE,NA,NA,NA,FALSE,FALSE,FALSE,,TRUE,,FALSE,FALSE,FALSE,FALSE,FALSE,FALSE,FALSE,1,FALSE,1,1,2,3,FALSE,FALSE
Virginia,-6.1,6.5,-12.6,8.2,-2,-0.3,Grass,10,19,2013,Sat,15.5,Away,W,35,22,13,39071,64,NA,FALSE,,Charlottesville,VA,ESGP/ESPN3,FALSE,NA,NA,NA,FALSE,FALSE,FALSE,,FALSE,,FALSE,FALSE,FALSE,FALSE,,FALSE,FALSE,2,FALSE,2,2,2,3,FALSE,FALSE
Virginia Tech,8.8,6.5,2.3,8.2,6.5,8.2,Grass,10,26,2013,Sat,15.5,Away,W,13,10,3,63326,96,NA,FALSE,,Blacksburg,VA,ESPNU,FALSE,NA,14,NA,FALSE,TRUE,FALSE,,FALSE,,FALSE,FALSE,FALSE,FALSE,,FALSE,FALSE,3,FALSE,2,3,3,3,FALSE,FALSE
North Carolina St.,-5.5,6.5,-12,8.2,3.5,5.2,Grass,11,9,2013,Sat,16,Home,W,38,20,18,32010,94.31071565,NA,FALSE,,Durham,NC,ESPNU,FALSE,NA,NA,NA,FALSE,FALSE,FALSE,,FALSE,,FALSE,FALSE,FALSE,FALSE,FALSE,FALSE,FALSE,4,FALSE,2,3,4,4,FALSE,FALSE
Miami (Fla.),10.8,6.5,4.3,8.2,7,8.7,Grass,11,16,2013,Sat,15.5,Home,W,48,30,18,30044,88.51831119,NA,FALSE,,Durham,NC,ESPNU,FALSE,NA,23,NA,FALSE,TRUE,FALSE,,FALSE,,FALSE,FALSE,FALSE,FALSE,FALSE,FALSE,FALSE,5,FALSE,2,3,4,5,FALSE,FALSE
Wake Forest,-3.5,6.5,-10,8.2,-7.6,-5.9,Turf,11,23,2013,Sat,12,Away,W,28,21,7,28463,90,NA,FALSE,,Winston-Salem,NC,ESPN2,FALSE,NA,NA,NA,FALSE,FALSE,FALSE,,FALSE,,FALSE,FALSE,FALSE,FALSE,,FALSE,FALSE,6,FALSE,2,3,4,5,FALSE,FALSE
North Carolina,11.2,6.5,4.7,8.2,10.6,12.3,Grass,11,30,2013,Sat,12,Away,W,27,25,2,62000,100,NA,FALSE,,Chapel Hill,NC,ESPN2,FALSE,24,NA,NA,TRUE,FALSE,FALSE,,TRUE,,TRUE,FALSE,FALSE,FALSE,,FALSE,FALSE,7,FALSE,2,3,4,5,FALSE,FALSE
Florida St.,33.2,6.5,26.7,8.2,22.7,24.4,Grass,12,7,2013,Sat,20,Neutral,L,7,45,-38,67694,NA,NA,FALSE,,Charlotte,NC,ABC,FALSE,20,1,1,TRUE,TRUE,TRUE,,TRUE,,FALSE,FALSE,FALSE,FALSE,,FALSE,FALSE,8,FALSE,2,3,4,5,FALSE,FALSE
Texas A&M,18.8,6.5,12.3,8.2,24.2,25.9,Turf,12,31,2013,Tue,20,Neutral,L,48,52,-4,67946,95,NA,FALSE,,Atlanta,GA,ESPN,TRUE,24,21,18,TRUE,TRUE,TRUE,,TRUE,,FALSE,FALSE,FALSE,TRUE,,FALSE,FALSE,0,FALSE,1,2,3,4,FALSE,FALSE
Elon,NA,7.7,NA,1.2,NA,NA,Grass,8,30,2014,Sat,18,Home,W,52,13,39,31213,91.9625232,NA,FALSE,,Durham,NC,ESPN3,FALSE,NA,NA,NA,FALSE,FALSE,FALSE,,FALSE,,FALSE,TRUE,TRUE,FALSE,,TRUE,TRUE,0,FALSE,0,1,2,3,FALSE,FALSE
Troy,-19.4,7.7,-27.1,1.2,-10,-16.5,Turf,9,6,2014,Sat,19,Away,W,34,17,17,21331,71,NA,FALSE,,Troy,AL,ESPN3,FALSE,NA,NA,NA,FALSE,FALSE,FALSE,,FALSE,,FALSE,TRUE,TRUE,FALSE,,FALSE,FALSE,1,FALSE,1,1,2,3,FALSE,FALSE
Kansas,-6.5,7.7,-14.2,1.2,-10.1,-16.6,Grass,9,13,2014,Sat,15.5,Home,W,41,3,38,25203,74.25532542,NA,FALSE,,Durham,NC,ESGP/ESPN3,FALSE,NA,NA,NA,FALSE,FALSE,FALSE,,FALSE,,FALSE,TRUE,TRUE,FALSE,FALSE,FALSE,FALSE,2,FALSE,2,2,2,3,FALSE,FALSE
Tulane,-9.7,7.7,-17.4,1.2,-6.5,-13,Grass,9,20,2014,Sat,12.5,Home,W,47,13,34,20197,59.50620194,NA,FALSE,,Durham,NC,ESGP/ESPN3,FALSE,NA,NA,NA,FALSE,FALSE,FALSE,,FALSE,,FALSE,TRUE,TRUE,FALSE,FALSE,FALSE,FALSE,3,FALSE,2,3,3,3,FALSE,FALSE
Miami (Fla.),10.8,7.7,3.1,1.2,10.8,4.3,Grass,9,27,2014,Sat,19.5,Away,L,10,22,-12,44559,69,NA,FALSE,,Miami Gardens,FL,ESPN2,FALSE,NA,NA,NA,FALSE,FALSE,FALSE,,FALSE,,FALSE,TRUE,TRUE,FALSE,,FALSE,FALSE,4,FALSE,2,3,4,4,FALSE,FALSE
Georgia Tech,16,7.7,8.3,1.2,12.4,5.9,Grass,10,11,2014,Sat,12.5,Away,W,31,25,6,44281,81,NA,FALSE,,Atlanta,GA,ESGP/ESPN3,FALSE,NA,22,8,FALSE,TRUE,TRUE,,TRUE,,FALSE,FALSE,TRUE,TRUE,,FALSE,FALSE,0,FALSE,1,2,3,4,FALSE,FALSE
Virginia,6.9,7.7,-0.8,1.2,-6.1,-12.6,Grass,10,18,2014,Sat,12.5,Home,W,20,13,7,28131,82.88206005,NA,FALSE,,Durham,NC,ESGP/ESPN3,FALSE,NA,NA,NA,FALSE,FALSE,FALSE,,FALSE,,FALSE,FALSE,TRUE,FALSE,FALSE,FALSE,FALSE,1,FALSE,1,2,3,4,FALSE,FALSE
Pittsburgh,7.2,7.7,-0.5,1.2,5.3,-1.2,Grass,11,1,2014,Sat,12,Away,W,51,48,3,39293,57,NA,FALSE,,Pittsburgh,PA,ESPNU,FALSE,24,NA,NA,TRUE,FALSE,FALSE,,FALSE,,FALSE,FALSE,TRUE,FALSE,,FALSE,FALSE,2,FALSE,2,2,3,4,FALSE,FALSE
Syracuse,-0.8,7.7,-8.5,1.2,-0.5,-7,Turf,11,8,2014,Sat,12.5,Away,W,27,10,17,39331,80,NA,FALSE,,Syracuse,NY,ESGP/ESPN3,FALSE,22,NA,NA,TRUE,FALSE,FALSE,,FALSE,,FALSE,FALSE,TRUE,FALSE,,FALSE,FALSE,3,FALSE,2,3,3,4,FALSE,FALSE
Virginia Tech,7.9,7.7,0.2,1.2,8.8,2.3,Grass,11,15,2014,Sat,12,Home,L,16,17,-1,30107,88.7039274,NA,FALSE,,Durham,NC,ESPNU,FALSE,21,NA,NA,TRUE,FALSE,FALSE,,FALSE,,FALSE,FALSE,TRUE,FALSE,FALSE,FALSE,FALSE,4,FALSE,2,3,4,4,FALSE,FALSE
North Carolina,4.4,7.7,-3.3,1.2,11.2,4.7,Grass,11,20,2014,Thu,19.5,Home,L,20,45,-25,33941,100,NA,FALSE,,Durham,NC,ESPN,FALSE,NA,NA,NA,FALSE,FALSE,FALSE,,FALSE,,TRUE,FALSE,FALSE,TRUE,TRUE,FALSE,FALSE,0,FALSE,1,2,3,4,FALSE,FALSE
Wake Forest,-10.4,7.7,-18.1,1.2,-3.5,-10,Grass,11,29,2014,Sat,19,Home,W,41,21,20,22247,65.54609469,NA,FALSE,,Durham,NC,ESPNU,FALSE,NA,NA,NA,FALSE,FALSE,FALSE,,TRUE,,FALSE,FALSE,FALSE,TRUE,TRUE,FALSE,FALSE,0,FALSE,0,1,2,3,FALSE,FALSE
Arizona St.,14.2,7.7,6.5,1.2,21.9,15.4,Turf,12,27,2014,Sat,14,Neutral,L,31,36,-5,47809,100,NA,FALSE,,El Paso,TX,CBS,TRUE,NA,15,12,FALSE,TRUE,TRUE,,TRUE,,FALSE,FALSE,FALSE,FALSE,,FALSE,FALSE,1,FALSE,1,1,2,3,FALSE,FALSE
Tulane,-16,5.1,-21.1,-2.6,-9.7,-17.4,Turf,9,3,2015,Thu,21.5,Away,W,37,7,30,25470,85,NA,FALSE,,New Orleans,LA,CBSSN,FALSE,NA,NA,NA,FALSE,FALSE,FALSE,,FALSE,,FALSE,TRUE,TRUE,FALSE,,TRUE,FALSE,0,FALSE,1,1,1,2,FALSE,FALSE
N.C. Central,NA,5.1,NA,-2.6,NA,NA,Grass,9,12,2015,Sat,18,Home,W,55,0,55,33941,100,NA,FALSE,,Durham,NC,ESPN3,FALSE,NA,NA,NA,FALSE,FALSE,FALSE,,FALSE,,FALSE,TRUE,TRUE,FALSE,,FALSE,TRUE,1,FALSE,1,2,2,2,FALSE,FALSE
Northwestern,4.8,5.1,-0.3,-2.6,1.8,-5.9,Grass,9,19,2015,Sat,12.5,Home,L,10,19,-9,24127,71.08511829,NA,FALSE,,Durham,NC,ESPN3,FALSE,NA,23,23,FALSE,TRUE,TRUE,,FALSE,,FALSE,TRUE,TRUE,FALSE,FALSE,FALSE,FALSE,2,FALSE,2,2,3,3,FALSE,FALSE
Georgia Tech,10.2,5.1,5.1,-2.6,16,8.3,Grass,9,26,2015,Sat,12,Home,W,34,20,14,20101,59.22335818,NA,FALSE,,Durham,NC,ESPN2,FALSE,NA,20,NA,FALSE,TRUE,FALSE,,FALSE,,FALSE,FALSE,FALSE,TRUE,TRUE,FALSE,FALSE,0,FALSE,1,2,2,3,FALSE,FALSE
Boston College,1.5,5.1,-3.6,-2.6,6,-1.7,Grass,10,3,2015,Sat,15.5,Home,W,9,7,2,20009,58.95229958,NA,FALSE,,Durham,NC,ESPN3,FALSE,NA,NA,NA,FALSE,FALSE,FALSE,,FALSE,,FALSE,FALSE,FALSE,FALSE,FALSE,FALSE,FALSE,1,FALSE,1,2,3,3,FALSE,FALSE
Army,-14.9,5.1,-20,-2.6,-14.1,-21.8,Turf,10,10,2015,Sat,12,Away,W,44,3,41,39712,100,NA,FALSE,,West Point,NY,CBSSN,FALSE,NA,NA,NA,FALSE,FALSE,FALSE,,TRUE,,FALSE,FALSE,FALSE,FALSE,,FALSE,FALSE,2,FALSE,2,2,3,4,FALSE,FALSE
Virginia Tech,9.5,5.1,4.4,-2.6,7.9,0.2,Grass,10,24,2015,Sat,15.5,Away,W,45,43,2,63257,96,NA,FALSE,,Blacksburg,VA,ESPNU,FALSE,23,NA,NA,TRUE,FALSE,FALSE,,FALSE,,FALSE,FALSE,FALSE,FALSE,,FALSE,FALSE,3,FALSE,2,3,3,4,FALSE,FALSE
Miami (Fla.),6.4,5.1,1.3,-2.6,10.8,3.1,Grass,10,31,2015,Sat,19,Home,L,27,30,-3,30143,88.80999381,NA,FALSE,,Durham,NC,ESPNU,FALSE,22,NA,NA,TRUE,FALSE,FALSE,,FALSE,,FALSE,FALSE,FALSE,FALSE,FALSE,FALSE,FALSE,4,FALSE,2,3,4,4,FALSE,FALSE
North Carolina,17,5.1,11.9,-2.6,4.4,-3.3,Grass,11,7,2015,Sat,12,Away,L,31,66,-35,60000,100,NA,FALSE,,Chapel Hill,NC,ESPN2,FALSE,NA,NA,15,FALSE,FALSE,TRUE,,FALSE,,TRUE,FALSE,FALSE,TRUE,,FALSE,FALSE,0,FALSE,1,2,3,4,FALSE,FALSE
Pittsburgh,8.4,5.1,3.3,-2.6,7.2,-0.5,Grass,11,14,2015,Sat,12,Home,L,13,31,-18,30241,89.09873015,NA,FALSE,,Durham,NC,ESPNN,FALSE,NA,NA,NA,FALSE,FALSE,FALSE,,FALSE,,FALSE,FALSE,FALSE,TRUE,TRUE,FALSE,FALSE,0,FALSE,0,1,2,3,FALSE,FALSE
Virginia,2.1,5.1,-3,-2.6,6.9,-0.8,Grass,11,21,2015,Sat,15.5,Away,L,34,42,-8,35178,57,NA,FALSE,,Charlottesville,VA,ESPN3,FALSE,NA,NA,NA,FALSE,FALSE,FALSE,,FALSE,,FALSE,FALSE,FALSE,TRUE,,FALSE,FALSE,0,FALSE,0,0,1,2,FALSE,FALSE
Wake Forest,-3.4,5.1,-8.5,-2.6,-10.4,-18.1,Turf,11,28,2015,Sat,12.5,Away,W,27,21,6,26435,84,NA,FALSE,,Winston-Salem,NC,ESPN3,FALSE,NA,NA,NA,FALSE,FALSE,FALSE,,TRUE,,FALSE,FALSE,FALSE,TRUE,,FALSE,FALSE,0,FALSE,0,0,0,1,FALSE,FALSE
Indiana,1.7,5.1,-3.4,-2.6,-0.8,-8.5,Grass,12,26,2015,Sat,15.5,Neutral,W,44,41,3,37218,69,NA,FALSE,,Bronx,NY,ABC,TRUE,NA,NA,NA,FALSE,FALSE,FALSE,,TRUE,,FALSE,FALSE,FALSE,FALSE,,FALSE,FALSE,1,FALSE,1,1,1,1,FALSE,FALSE
N.C. Central,NA,1.6,NA,-3.5,NA,NA,Grass,9,3,2016,Sat,18,Home,W,49,6,43,35049,87.61373863,0.988,FALSE,,Durham,NC,ACCNX,FALSE,NA,NA,NA,FALSE,FALSE,FALSE,,FALSE,,FALSE,TRUE,TRUE,FALSE,,TRUE,TRUE,2,FALSE,2,2,2,2,FALSE,TRUE
Wake Forest,2.2,1.6,0.6,-3.5,-3.4,-8.5,Grass,9,10,2016,Sat,15.5,Home,L,14,24,-10,21077,52.68723128,0.734,FALSE,,Durham,NC,ESPNU,FALSE,NA,NA,NA,FALSE,FALSE,FALSE,,FALSE,,FALSE,TRUE,TRUE,FALSE,FALSE,FALSE,FALSE,3,FALSE,2,3,3,3,FALSE,TRUE
Northwestern,8,1.6,6.4,-3.5,4.8,-0.3,Grass,9,17,2016,Sat,20,Away,L,13,24,-11,34464,73,0.357,FALSE,,Evanston,IL,BTN,FALSE,NA,NA,NA,FALSE,FALSE,FALSE,,FALSE,,FALSE,FALSE,FALSE,TRUE,,FALSE,FALSE,0,FALSE,1,2,3,3,FALSE,TRUE
Notre Dame,9.7,1.6,8.1,-3.5,19.1,14,Grass,9,24,2016,Sat,15.5,Away,W,38,35,3,80795,100,0.104,FALSE,,Notre Dame,IL,NBC,FALSE,NA,NA,NA,FALSE,FALSE,FALSE,,FALSE,,FALSE,FALSE,FALSE,TRUE,,FALSE,FALSE,0,FALSE,0,1,2,3,FALSE,TRUE
Virginia,-4.2,1.6,-5.8,-3.5,2.1,-3,Grass,10,1,2016,Sat,12.5,Home,L,20,34,-14,25201,62.99620038,0.714,FALSE,,Durham,NC,ACCNX,FALSE,NA,NA,NA,FALSE,FALSE,FALSE,,FALSE,,FALSE,FALSE,FALSE,FALSE,TRUE,FALSE,FALSE,1,FALSE,1,1,2,3,FALSE,TRUE
Army,-2,1.6,-3.6,-3.5,-14.9,-20,Grass,10,8,2016,Sat,15.5,Home,W,13,6,7,20613,51.52734727,NA,FALSE,,Durham,NC,ACCNX,FALSE,NA,NA,NA,FALSE,FALSE,FALSE,,TRUE,,FALSE,FALSE,FALSE,TRUE,TRUE,FALSE,FALSE,0,FALSE,1,1,1,2,FALSE,TRUE
Louisville,21.6,1.6,20,-3.5,10.3,5.2,Turf,10,14,2016,Fri,19,Away,L,14,24,-10,55121,92,0.022,FALSE,,Louisville,KY,ESPN,FALSE,NA,7,15,FALSE,TRUE,TRUE,,FALSE,,FALSE,FALSE,FALSE,FALSE,,FALSE,FALSE,1,FALSE,1,2,2,2,FALSE,TRUE
Georgia Tech,7.4,1.6,5.8,-3.5,10.2,5.1,Grass,10,29,2016,Sat,12,Away,L,35,38,-3,43886,80,0.315,FALSE,,Atlanta,GA,ACCNX,FALSE,NA,NA,NA,FALSE,FALSE,FALSE,,FALSE,,FALSE,FALSE,FALSE,TRUE,,FALSE,FALSE,0,FALSE,1,1,2,2,FALSE,TRUE
Virginia Tech,13.7,1.6,12.1,-3.5,9.5,4.4,Grass,11,5,2016,Sat,15.5,Home,L,21,24,-3,38217,95.53294671,0.27,FALSE,,Durham,NC,ESPNU,FALSE,NA,19,18,FALSE,TRUE,TRUE,,FALSE,,FALSE,FALSE,FALSE,TRUE,FALSE,FALSE,FALSE,0,FALSE,0,1,1,2,FALSE,TRUE
North Carolina,14,1.6,12.4,-3.5,17,11.9,Grass,11,10,2016,Thu,19.5,Home,W,28,27,1,39212,98.02019798,0.229,FALSE,,Durham,NC,ESPN,FALSE,NA,17,NA,FALSE,TRUE,FALSE,,FALSE,,TRUE,FALSE,FALSE,TRUE,TRUE,FALSE,FALSE,0,FALSE,0,0,1,1,FALSE,TRUE
Pittsburgh,12.7,1.6,11.1,-3.5,8.4,3.3,Grass,11,19,2016,Sat,15,Away,L,14,56,-42,35425,52,0.167,FALSE,,Pittsburgh,PA,ACCNX,FALSE,NA,NA,22,FALSE,FALSE,TRUE,,FALSE,,FALSE,FALSE,FALSE,FALSE,,FALSE,FALSE,1,FALSE,1,1,1,2,FALSE,TRUE
Miami (Fla.),17.2,1.6,15.6,-3.5,6.4,1.3,Grass,11,26,2016,Sat,15.5,Away,L,21,40,-19,57396,88,0.103,FALSE,,Miami Gardens,FL,ESPN2,FALSE,NA,NA,NA,FALSE,FALSE,FALSE,,TRUE,,FALSE,FALSE,FALSE,TRUE,,FALSE,FALSE,0,FALSE,1,1,1,1,FALSE,TRUE
N.C. Central,NA,6.6,NA,5,NA,NA,Grass,9,2,2017,Sat,18,Home,W,60,7,53,30477,76.18488151,0.988,FALSE,,Durham,NC,ACCNX,FALSE,NA,NA,NA,FALSE,FALSE,FALSE,,FALSE,,FALSE,TRUE,TRUE,FALSE,,TRUE,TRUE,0,FALSE,0,1,1,1,FALSE,TRUE
Northwestern,9.9,6.6,3.3,5,8,6.4,Grass,9,9,2017,Sat,12,Home,W,41,17,24,20241,50.59744026,0.551,FALSE,,Durham,NC,ESPNU,FALSE,NA,NA,17,FALSE,FALSE,TRUE,,FALSE,,FALSE,TRUE,TRUE,FALSE,FALSE,FALSE,FALSE,1,FALSE,1,1,2,2,FALSE,TRUE
Baylor,-4.3,6.6,-10.9,5,8.9,7.3,Grass,9,16,2017,Sat,12.5,Home,W,34,20,14,26714,66.77832217,0.742,FALSE,,Durham,NC,ACCNX,FALSE,NA,NA,NA,FALSE,FALSE,FALSE,,FALSE,,FALSE,TRUE,TRUE,FALSE,FALSE,FALSE,FALSE,2,FALSE,2,2,2,3,FALSE,TRUE
North Carolina,0.9,6.6,-5.7,5,14,12.4,Grass,9,23,2017,Sat,15.5,Away,W,27,17,10,59000,100,0.515,FALSE,,Chapel Hill,NC,ESPNU,FALSE,NA,NA,NA,FALSE,FALSE,FALSE,,FALSE,,TRUE,TRUE,TRUE,FALSE,,FALSE,FALSE,3,FALSE,2,3,3,3,FALSE,TRUE
Miami (Fla.),13.5,6.6,6.9,5,17.2,15.6,Grass,9,29,2017,Fri,19,Home,L,6,31,-25,36314,90.77592241,0.567,FALSE,,Durham,NC,ESPN,FALSE,NA,14,13,FALSE,TRUE,TRUE,,FALSE,,FALSE,TRUE,TRUE,FALSE,FALSE,FALSE,FALSE,4,FALSE,2,3,4,4,FALSE,TRUE
Virginia,-3.3,6.6,-9.9,5,-4.2,-5.8,Grass,10,7,2017,Sat,12.333,Away,L,21,28,-7,38638,63,0.684,FALSE,,Charlottesville,VA,ACCNX,FALSE,NA,NA,NA,FALSE,FALSE,FALSE,,TRUE,,FALSE,FALSE,FALSE,TRUE,,FALSE,FALSE,0,FALSE,1,2,3,4,FALSE,TRUE
Florida St.,13.3,6.6,6.7,5,22.2,20.6,Grass,10,14,2017,Sat,12,Home,L,10,17,-7,31073,77.67473253,0.278,FALSE,,Durham,NC,ESPN2,FALSE,NA,NA,NA,FALSE,FALSE,FALSE,,FALSE,,FALSE,FALSE,FALSE,TRUE,TRUE,FALSE,FALSE,0,FALSE,0,1,2,3,FALSE,TRUE
Pittsburgh,1.8,6.6,-4.8,5,12.7,11.1,Grass,10,21,2017,Sat,12.333,Home,L,17,24,-7,22621,56.54684532,0.758,FALSE,,Durham,NC,ACCNX,FALSE,NA,NA,NA,FALSE,FALSE,FALSE,,FALSE,,FALSE,FALSE,FALSE,TRUE,TRUE,FALSE,FALSE,0,FALSE,0,0,1,2,FALSE,TRUE
Virginia Tech,13.4,6.6,6.8,5,13.7,12.1,Grass,10,28,2017,Sat,19.333,Away,L,3,24,-21,60914,93,0.124,FALSE,,Blacksburg,VA,ACCNX,FALSE,NA,13,24,FALSE,TRUE,TRUE,,FALSE,,FALSE,FALSE,FALSE,TRUE,,FALSE,FALSE,0,FALSE,0,0,0,1,FALSE,TRUE
Army,0.7,6.6,-5.9,5,-2,-3.6,Turf,11,11,2017,Sat,12,Away,L,16,21,-5,38851,100,0.603,FALSE,,West Point,NY,CBSSN,FALSE,NA,NA,NA,FALSE,FALSE,FALSE,,FALSE,,FALSE,FALSE,FALSE,TRUE,,FALSE,FALSE,0,FALSE,0,0,0,0,FALSE,TRUE
Georgia Tech,7.6,6.6,1,5,7.4,5.8,Grass,11,18,2017,Sat,15.5,Home,W,43,20,23,20141,50.34746525,0.33,FALSE,,Durham,NC,ACCNX,FALSE,NA,NA,NA,FALSE,FALSE,FALSE,,FALSE,,FALSE,FALSE,FALSE,TRUE,TRUE,FALSE,FALSE,0,FALSE,0,0,0,0,FALSE,TRUE
Wake Forest,8.9,6.6,2.3,5,2.2,0.6,Turf,11,25,2017,Sat,12.5,Away,W,31,23,8,27016,86,0.237,FALSE,,Winston-Salem,NC,ACCNX,FALSE,NA,NA,NA,FALSE,FALSE,FALSE,,TRUE,,FALSE,FALSE,FALSE,FALSE,,FALSE,FALSE,1,FALSE,1,1,1,1,FALSE,TRUE
Northern Ill.,-3.3,6.6,-9.9,5,-3.4,-5,Turf,12,26,2017,Tue,17.25,Neutral,W,36,14,22,20211,31,0.676,FALSE,,Detroit,MI,ESPN,TRUE,NA,NA,NA,FALSE,FALSE,FALSE,,TRUE,,FALSE,FALSE,FALSE,FALSE,,FALSE,FALSE,2,FALSE,2,2,2,2,FALSE,TRUE
Army,3.1,6.4,-3.3,-0.2,0.7,-5.9,Grass,8,31,2018,Fri,19,Home,W,34,14,20,26017,65.0359964,0.939,FALSE,,Durham,NC,ESPNU,FALSE,NA,NA,19,FALSE,FALSE,TRUE,,FALSE,,FALSE,TRUE,TRUE,FALSE,,TRUE,TRUE,3,FALSE,2,3,3,3,FALSE,TRUE
Northwestern,7.7,6.4,1.3,-0.2,9.9,3.3,Grass,9,8,2018,Sat,12,Away,W,21,7,14,40654,86,0.273,FALSE,,Evanston,IL,ESPNU,FALSE,NA,NA,21,FALSE,FALSE,TRUE,,FALSE,,FALSE,TRUE,TRUE,FALSE,,FALSE,FALSE,4,FALSE,2,3,4,4,FALSE,TRUE
Baylor,2.5,6.4,-3.9,-0.2,-4.3,-10.9,Turf,9,15,2018,Sat,15.5,Away,W,40,27,13,40442,90,0.594,FALSE,,Waco,TX,FS1,FALSE,NA,NA,NA,FALSE,FALSE,FALSE,,FALSE,,FALSE,TRUE,TRUE,FALSE,,FALSE,FALSE,5,FALSE,2,3,4,5,FALSE,TRUE
N.C. Central,NA,6.4,NA,-0.2,NA,NA,Grass,9,22,2018,Sat,15.5,Home,W,55,13,42,25132,62.82371763,0.997,FALSE,,Durham,NC,ACCNX,FALSE,NA,NA,NA,FALSE,FALSE,FALSE,,FALSE,,FALSE,TRUE,TRUE,FALSE,FALSE,FALSE,FALSE,6,FALSE,2,3,4,5,FALSE,TRUE
Virginia Tech,3.4,6.4,-3,-0.2,13.4,6.8,Grass,9,29,2018,Sat,19,Home,L,14,31,-17,32177,80.43445655,0.684,FALSE,,Durham,NC,ESPN2,FALSE,22,NA,NA,TRUE,FALSE,FALSE,,FALSE,,FALSE,TRUE,TRUE,FALSE,FALSE,FALSE,FALSE,7,FALSE,2,3,4,5,FALSE,TRUE
Georgia Tech,6.9,6.4,0.5,-0.2,7.6,1,Grass,10,13,2018,Sat,12.333,Away,W,28,14,14,41709,76,0.548,FALSE,,Atlanta,GA,ACCNX,FALSE,NA,NA,NA,FALSE,FALSE,FALSE,,FALSE,,FALSE,FALSE,FALSE,TRUE,,FALSE,FALSE,0,FALSE,1,2,3,4,FALSE,TRUE
Virginia,6.4,6.4,0,-0.2,-3.3,-9.9,Grass,10,20,2018,Sat,12.5,Home,L,14,28,-14,20277,50.68743126,0.713,FALSE,,Durham,NC,ACCNX,FALSE,NA,NA,NA,FALSE,FALSE,FALSE,,FALSE,,FALSE,FALSE,FALSE,FALSE,TRUE,FALSE,FALSE,1,FALSE,1,2,3,4,FALSE,TRUE
Pittsburgh,4.8,6.4,-1.6,-0.2,1.8,-4.8,Grass,10,27,2018,Sat,15.5,Away,L,45,54,-9,NA,NA,0.617,FALSE,,Pittsburgh,PA,ACCNX,FALSE,NA,NA,NA,FALSE,FALSE,FALSE,,FALSE,,FALSE,FALSE,FALSE,TRUE,,FALSE,FALSE,0,FALSE,1,1,2,3,FALSE,TRUE
Miami (Fla.),11.2,6.4,4.8,-0.2,13.5,6.9,Grass,11,3,2018,Sat,19,Away,W,20,12,8,62754,97,0.267,FALSE,,Miami Gardens,FL,ESPN2,FALSE,NA,NA,NA,FALSE,FALSE,FALSE,,FALSE,,FALSE,FALSE,FALSE,TRUE,,FALSE,FALSE,0,FALSE,0,1,1,2,FALSE,TRUE
North Carolina,-2.6,6.4,-9,-0.2,0.9,-5.7,Grass,11,10,2018,Sat,12.333,Home,W,42,35,7,35493,88.72362764,0.794,FALSE,,Durham,NC,ACCNX,FALSE,NA,NA,NA,FALSE,FALSE,FALSE,,FALSE,,TRUE,FALSE,FALSE,FALSE,TRUE,FALSE,FALSE,1,FALSE,1,1,2,2,FALSE,TRUE
Clemson,32.7,6.4,26.3,-0.2,24.2,17.6,Grass,11,17,2018,Sat,19,Away,L,6,35,-29,81313,100,0.048,FALSE,,Clemson,SC,ESPN,FALSE,NA,2,1,FALSE,TRUE,TRUE,,FALSE,,FALSE,FALSE,FALSE,FALSE,,FALSE,FALSE,2,FALSE,2,2,2,3,FALSE,TRUE
Wake Forest,2.7,6.4,-3.7,-0.2,8.9,2.3,Grass,11,24,2018,Sat,12.5,Home,L,7,59,-52,20782,51.94980502,0.732,FALSE,,Durham,NC,ACCNX,FALSE,NA,NA,NA,FALSE,FALSE,FALSE,,TRUE,,FALSE,FALSE,FALSE,TRUE,FALSE,FALSE,FALSE,0,FALSE,1,2,2,2,FALSE,TRUE
Temple,1.1,6.4,-5.3,-0.2,-3.9,-10.5,Turf,12,27,2018,Thu,13.5,Neutral,W,56,27,29,27492,53,0.54,FALSE,,Shreveport,LA,ESPN,TRUE,NA,NA,NA,FALSE,FALSE,FALSE,,TRUE,,FALSE,FALSE,FALSE,TRUE,,FALSE,FALSE,0,FALSE,0,1,2,2,FALSE,TRUE
Alabama,29.4,-0.3,29.7,-6.7,30.1,23.7,Turf,8,31,2019,Sat,15.5,Neutral,L,3,42,-39,71916,96,0.035,FALSE,,Atlanta,GA,ABC,FALSE,NA,2,8,FALSE,TRUE,TRUE,,FALSE,,FALSE,TRUE,TRUE,FALSE,,TRUE,FALSE,1,FALSE,1,1,2,3,FALSE,TRUE
N.C. A&T,NA,-0.3,NA,-6.7,NA,NA,Grass,9,7,2019,Sat,18,Home,W,45,13,32,38313,95.77292271,0.937,FALSE,,Durham,NC,ACCNX,FALSE,NA,NA,NA,FALSE,FALSE,FALSE,,FALSE,,FALSE,FALSE,TRUE,TRUE,,FALSE,TRUE,0,FALSE,1,1,1,2,FALSE,TRUE
Middle Tenn. St.,-8.7,-0.3,-8.4,-6.7,-3.7,-10.1,Turf,9,14,2019,Sat,19,Away,W,41,18,23,19582,64,0.604,FALSE,,Murfreesboro,TN,Unknown,FALSE,NA,NA,NA,FALSE,FALSE,FALSE,,FALSE,,FALSE,FALSE,TRUE,FALSE,,FALSE,FALSE,1,FALSE,1,2,2,2,FALSE,TRUE
Virginia Tech,4.5,-0.3,4.8,-6.7,3.4,-3,Grass,9,27,2019,Fri,19,Away,W,45,10,35,59537,91,0.491,FALSE,,Blacksburg,VA,ESPN,FALSE,NA,NA,NA,FALSE,FALSE,FALSE,,FALSE,,FALSE,FALSE,TRUE,FALSE,,FALSE,FALSE,2,FALSE,2,2,3,3,FALSE,TRUE
Pittsburgh,0.3,-0.3,0.6,-6.7,4.8,-1.6,Grass,10,5,2019,Sat,20,Home,L,30,33,-3,22610,56.51934807,0.718,FALSE,,Durham,NC,ACCN,FALSE,NA,NA,NA,FALSE,FALSE,FALSE,,TRUE,,FALSE,FALSE,TRUE,FALSE,FALSE,FALSE,FALSE,3,FALSE,2,3,3,4,FALSE,TRUE
Georgia Tech,-10.8,-0.3,-10.5,-6.7,6.9,0.5,Grass,10,12,2019,Sat,12.5,Home,W,41,23,18,21741,54.34706529,NA,FALSE,,Durham,NC,ACCNX,FALSE,NA,NA,NA,FALSE,FALSE,FALSE,,FALSE,,FALSE,FALSE,FALSE,TRUE,TRUE,FALSE,FALSE,0,FALSE,1,2,3,3,FALSE,TRUE
Virginia,6.6,-0.3,6.9,-6.7,6.4,0,Grass,10,19,2019,Sat,15.5,Away,L,14,48,-34,52847,86,0.426,FALSE,,Charlottesville,VA,ACCN,FALSE,NA,NA,NA,FALSE,FALSE,FALSE,,FALSE,,FALSE,FALSE,FALSE,FALSE,,FALSE,FALSE,1,FALSE,1,2,3,4,FALSE,TRUE
North Carolina,8.4,-0.3,8.7,-6.7,-2.6,-9,Grass,10,26,2019,Sat,16,Away,L,17,20,-3,50500,99,0.448,FALSE,,Chapel Hill,NC,ACCNX,FALSE,NA,NA,NA,FALSE,FALSE,FALSE,,FALSE,,TRUE,FALSE,FALSE,TRUE,,FALSE,FALSE,0,FALSE,1,1,2,3,FALSE,TRUE
Notre Dame,20.9,-0.3,21.2,-6.7,19.3,12.9,Grass,11,9,2019,Sat,19.5,Home,L,7,38,-31,40004,100,0.291,FALSE,,Durham,NC,ACCN,FALSE,NA,15,12,FALSE,TRUE,TRUE,,FALSE,,FALSE,FALSE,FALSE,TRUE,TRUE,FALSE,FALSE,0,FALSE,0,1,1,2,FALSE,TRUE
Syracuse,-1.6,-0.3,-1.3,-6.7,10.8,4.4,Grass,11,16,2019,Sat,16,Home,L,6,49,-43,16286,40.71092891,0.753,FALSE,,Durham,NC,ACCN,FALSE,NA,NA,NA,FALSE,FALSE,FALSE,,FALSE,,FALSE,FALSE,FALSE,TRUE,TRUE,FALSE,FALSE,0,FALSE,0,0,1,1,FALSE,TRUE
Wake Forest,2.9,-0.3,3.2,-6.7,2.7,-3.7,Turf,11,23,2019,Sat,19.5,Away,L,27,39,-12,24130,77,0.294,FALSE,,Winston-Salem,NC,ACCN,FALSE,NA,NA,NA,FALSE,FALSE,FALSE,,FALSE,,FALSE,FALSE,FALSE,TRUE,,FALSE,FALSE,0,FALSE,0,0,0,1,FALSE,TRUE
Miami (Fla.),5.4,-0.3,5.7,-6.7,11.2,4.8,Grass,11,30,2019,Sat,15.5,Home,W,27,17,10,15913,39.77852215,0.321,FALSE,,Durham,NC,ESPN2,FALSE,NA,NA,NA,FALSE,FALSE,FALSE,,TRUE,,FALSE,FALSE,FALSE,TRUE,TRUE,FALSE,FALSE,0,FALSE,0,0,0,0,FALSE,TRUE
Notre Dame,19.3,-7.3,26.6,-7,20.9,21.2,Turf,9,12,2020,Sat,14.5,Away,L,13,27,-14,10097,12,0.124,TRUE,,Notre Dame,IN,NBC,FALSE,NA,10,4,FALSE,TRUE,TRUE,,FALSE,,FALSE,TRUE,TRUE,FALSE,,TRUE,FALSE,1,FALSE,1,1,1,1,FALSE,TRUE
Boston College,2.9,-7.3,10.2,-7,-1.5,-1.2,Grass,9,19,2020,Sat,12,Home,L,6,26,-20,NA,NA,NA,TRUE,,Durham,NC,ESPN3,FALSE,NA,NA,NA,FALSE,FALSE,FALSE,,FALSE,,FALSE,FALSE,TRUE,TRUE,,FALSE,TRUE,0,FALSE,1,1,1,1,FALSE,TRUE
Virginia,2.6,-7.3,9.9,-7,6.6,6.9,Grass,9,26,2020,Sat,16,Away,L,20,38,-18,NA,NA,0.515,TRUE,,Charlottesville,VA,ACCN,FALSE,NA,NA,NA,FALSE,FALSE,FALSE,,FALSE,,FALSE,FALSE,FALSE,TRUE,,FALSE,FALSE,0,FALSE,0,1,1,1,FALSE,TRUE
Virginia Tech,7.3,-7.3,14.6,-7,4.5,4.8,Grass,10,3,2020,Sat,16,Home,L,31,38,-7,NA,NA,NA,TRUE,,Durham,NC,ACCN,FALSE,NA,NA,NA,FALSE,FALSE,FALSE,,FALSE,,FALSE,FALSE,FALSE,TRUE,TRUE,FALSE,FALSE,0,FALSE,0,0,1,1,FALSE,TRUE
Syracuse,-8.5,-7.3,-1.2,-7,-1.6,-1.3,Turf,10,10,2020,Sat,12.5,Away,W,38,24,14,NA,NA,0.503,TRUE,,Syracuse,NY,ESPN3,FALSE,NA,NA,NA,FALSE,FALSE,FALSE,,FALSE,,FALSE,FALSE,FALSE,TRUE,,FALSE,FALSE,0,FALSE,0,0,0,1,FALSE,TRUE
North Carolina St.,1.5,-7.3,8.8,-7,-7.1,-6.8,Grass,10,17,2020,Sat,15.5,Away,L,20,31,-11,4032,7,0.321,TRUE,,Raleigh,NC,ESPN3,FALSE,NA,NA,24,FALSE,FALSE,TRUE,,FALSE,,FALSE,FALSE,FALSE,FALSE,,FALSE,FALSE,1,FALSE,1,1,1,1,FALSE,TRUE
Charlotte,-12.6,-7.3,-5.3,-7,-11.7,-11.4,Grass,10,31,2020,Sat,19,Home,W,53,19,34,NA,NA,0.715,TRUE,,Durham,NC,ESPN3,FALSE,NA,NA,NA,FALSE,FALSE,FALSE,,FALSE,,FALSE,FALSE,FALSE,TRUE,TRUE,FALSE,FALSE,0,FALSE,1,1,1,1,FALSE,TRUE
North Carolina,10.2,-7.3,17.5,-7,8.4,8.7,Grass,11,7,2020,Sat,12,Home,L,24,56,-32,NA,NA,0.22,TRUE,,Durham,NC,ESPN2,FALSE,NA,NA,14,FALSE,FALSE,TRUE,,FALSE,,TRUE,FALSE,FALSE,FALSE,FALSE,FALSE,FALSE,1,FALSE,1,2,2,2,FALSE,TRUE
Georgia Tech,-4.7,-7.3,2.6,-7,-10.8,-10.5,Grass,11,28,2020,Sat,19,Away,L,33,56,-23,11000,20,0.471,TRUE,,Atlanta,GA,ESPN3,FALSE,NA,NA,NA,FALSE,FALSE,FALSE,,FALSE,,FALSE,FALSE,FALSE,TRUE,,FALSE,FALSE,0,FALSE,1,1,2,2,FALSE,TRUE
Miami (Fla.),10.2,-7.3,17.5,-7,5.4,5.7,Grass,12,5,2020,Sat,20,Home,L,0,48,-48,NA,NA,0.194,TRUE,,Durham,NC,ACCN,FALSE,NA,10,18,FALSE,TRUE,TRUE,,FALSE,,FALSE,FALSE,FALSE,TRUE,TRUE,FALSE,FALSE,0,FALSE,0,1,1,2,FALSE,TRUE
Florida St.,-3.8,-7.3,3.5,-7,4,4.3,Grass,12,12,2020,Sat,16,Away,L,35,56,-21,14872,19,0.325,TRUE,,Tallahassee,FL,ACCN,FALSE,NA,NA,NA,FALSE,FALSE,FALSE,,FALSE,,FALSE,FALSE,FALSE,TRUE,,FALSE,FALSE,0,FALSE,0,0,1,1,FALSE,TRUE
Charlotte,-16,-15,-1,-7.7,-12.6,-5.3,Turf,9,3,2021,Fri,19,Away,L,28,31,-3,14125,92,0.642,FALSE,,Charlotte,NC,CBSSN,FALSE,NA,NA,NA,FALSE,FALSE,FALSE,,FALSE,,FALSE,TRUE,TRUE,FALSE,,TRUE,FALSE,0,FALSE,0,0,0,1,FALSE,TRUE
N.C. A&T,NA,-15,NA,-7.7,NA,NA,Grass,9,10,2021,Fri,20,Home,W,45,17,28,18091,45.2229777,0.925,FALSE,,Durham,NC,ACCN,FALSE,NA,NA,NA,FALSE,FALSE,FALSE,,FALSE,,FALSE,FALSE,TRUE,TRUE,,FALSE,TRUE,0,FALSE,0,0,0,0,FALSE,TRUE
Northwestern,-7.5,-15,7.5,-7.7,12.8,20.1,Grass,9,18,2021,Sat,16,Home,W,30,23,7,12323,30.80441956,0.561,FALSE,,Durham,NC,ACCN,FALSE,NA,NA,NA,FALSE,FALSE,FALSE,,FALSE,,FALSE,FALSE,TRUE,FALSE,FALSE,FALSE,FALSE,1,FALSE,1,1,1,1,FALSE,TRUE
Kansas,-15.2,-15,-0.2,-7.7,-15.2,-7.9,Grass,9,25,2021,Sat,16,Home,W,52,33,19,19128,47.81521848,0.068,FALSE,,Durham,NC,ACCN,FALSE,NA,NA,NA,FALSE,FALSE,FALSE,,FALSE,,FALSE,FALSE,TRUE,FALSE,FALSE,FALSE,FALSE,2,FALSE,2,2,2,2,FALSE,TRUE
North Carolina,5.8,-15,20.8,-7.7,10.2,17.5,Grass,10,2,2021,Sat,12,Away,L,7,38,-31,45812,90,0.161,FALSE,,Chapel Hill,NC,ESPN2,FALSE,NA,NA,NA,FALSE,FALSE,FALSE,,TRUE,,TRUE,FALSE,TRUE,FALSE,,FALSE,FALSE,3,FALSE,2,3,3,3,FALSE,TRUE
Georgia Tech,-3.8,-15,11.2,-7.7,-4.7,2.6,Grass,10,9,2021,Sat,12.5,Home,L,27,31,-4,11849,29.61953805,0.312,FALSE,,Durham,NC,ESPN3,FALSE,NA,NA,NA,FALSE,FALSE,FALSE,,FALSE,,FALSE,FALSE,TRUE,TRUE,FALSE,FALSE,FALSE,0,FALSE,1,2,3,3,FALSE,TRUE
Virginia,4.8,-15,19.8,-7.7,2.6,9.9,Grass,10,16,2021,Sat,12.5,Away,L,0,48,-48,38489,63,0.159,FALSE,,Charlottesville,VA,ESPN3,FALSE,NA,NA,NA,FALSE,FALSE,FALSE,,FALSE,,FALSE,FALSE,FALSE,TRUE,,FALSE,FALSE,0,FALSE,0,1,2,3,FALSE,TRUE
Wake Forest,9.6,-15,24.6,-7.7,5,12.3,Turf,10,30,2021,Sat,16,Away,L,7,45,-38,31613,100,0.111,FALSE,,Winston-Salem,NC,ACCN,FALSE,NA,13,15,FALSE,TRUE,TRUE,,FALSE,,FALSE,FALSE,FALSE,TRUE,,FALSE,FALSE,0,FALSE,0,0,1,2,FALSE,TRUE
Pittsburgh,14.2,-15,29.2,-7.7,5.5,12.8,Grass,11,6,2021,Sat,12,Home,L,29,54,-25,20693,51.72732727,0.066,FALSE,,Durham,NC,ACCN,FALSE,NA,25,13,FALSE,TRUE,TRUE,,FALSE,,FALSE,FALSE,FALSE,TRUE,TRUE,FALSE,FALSE,0,FALSE,0,0,0,1,FALSE,TRUE
Virginia Tech,1.1,-15,16.1,-7.7,7.3,14.6,Grass,11,13,2021,Sat,15.5,Away,L,17,48,-31,56730,86,0.084,FALSE,,Blacksburg,VA,ACCN,FALSE,NA,NA,NA,FALSE,FALSE,FALSE,,FALSE,,FALSE,FALSE,FALSE,TRUE,,FALSE,FALSE,0,FALSE,0,0,0,0,FALSE,TRUE
Louisville,4.9,-15,19.9,-7.7,6.2,13.5,Grass,11,18,2021,Thu,19.5,Home,L,22,62,-40,8493,21.23037696,0.131,FALSE,,Durham,NC,ESPN,FALSE,NA,NA,NA,FALSE,FALSE,FALSE,,FALSE,,FALSE,FALSE,FALSE,TRUE,TRUE,FALSE,FALSE,0,FALSE,0,0,0,0,FALSE,TRUE
Miami (Fla.),9.5,-15,24.5,-7.7,10.2,17.5,Grass,11,27,2021,Sat,12.5,Home,L,10,47,-37,17391,43.47315268,0.133,FALSE,,Durham,NC,ESPN3,FALSE,NA,NA,NA,FALSE,FALSE,FALSE,,TRUE,,FALSE,FALSE,FALSE,TRUE,TRUE,FALSE,FALSE,0,FALSE,0,0,0,0,FALSE,TRUE
Temple,-11.8,5.3,-17.1,20.3,-23.4,-8.4,Grass,9,2,2022,Fri,19.5,Home,W,30,0,30,20722,51.79982002,0.771,FALSE,FALSE,Durham,NC,ACCN,FALSE,NA,NA,NA,FALSE,FALSE,FALSE,TRUE,FALSE,FALSE,FALSE,TRUE,TRUE,FALSE,,TRUE,TRUE,0,TRUE,0,0,0,0,FALSE,TRUE
Northwestern,-7.6,5.3,-12.9,20.3,-7.5,7.5,Grass,9,10,2022,Sat,12,Away,W,31,23,8,24622,52,0.313,FALSE,FALSE,Evanston,IL,FS1,FALSE,NA,NA,NA,FALSE,FALSE,FALSE,TRUE,FALSE,FALSE,FALSE,TRUE,TRUE,FALSE,,FALSE,FALSE,1,TRUE,1,1,1,1,FALSE,TRUE
N.C. A&T,NA,5.3,NA,20.3,NA,NA,Grass,9,17,2022,Sat,18,Home,W,49,20,29,32802,81.99680032,,FALSE,FALSE,Durham,NC,ACCNX,FALSE,NA,NA,NA,FALSE,FALSE,FALSE,TRUE,FALSE,FALSE,FALSE,TRUE,TRUE,FALSE,FALSE,FALSE,FALSE,2,TRUE,2,2,2,2,FALSE,TRUE
Kansas,3.4,5.3,-1.9,20.3,-15.2,-0.2,Turf,9,24,2022,Sat,12,Away,L,27,35,-8,47233,100,0.258,FALSE,FALSE,Lawrence,KS,FS1,FALSE,NA,NA,NA,FALSE,FALSE,FALSE,TRUE,FALSE,FALSE,FALSE,TRUE,TRUE,FALSE,,FALSE,FALSE,3,TRUE,2,3,3,3,FALSE,TRUE
Virginia,-4,5.3,-9.3,20.3,4.8,19.8,Grass,10,1,2022,Sat,19.5,Home,W,38,17,21,15152,37.87621238,0.572,FALSE,FALSE,Durham,NC,ESPN3,FALSE,NA,NA,NA,FALSE,FALSE,FALSE,TRUE,FALSE,FALSE,FALSE,FALSE,TRUE,TRUE,FALSE,FALSE,FALSE,0,TRUE,1,2,3,3,FALSE,TRUE
Georgia Tech,-3.5,5.3,-8.8,20.3,-3.8,11.2,Grass,10,8,2022,Sat,16,Away,L,20,23,-3,32041,58,0.542,FALSE,FALSE,Atlanta,GA,ESPN3,FALSE,NA,NA,NA,FALSE,FALSE,FALSE,TRUE,TRUE,FALSE,FALSE,FALSE,TRUE,FALSE,,FALSE,FALSE,1,TRUE,1,2,3,4,FALSE,TRUE
North Carolina,6.2,5.3,0.9,20.3,5.8,20.8,Grass,10,15,2022,Sat,20,Home,L,35,38,-3,40004,100,0.336,FALSE,FALSE,Durham,NC,ACCN,FALSE,NA,NA,NA,FALSE,FALSE,FALSE,TRUE,FALSE,FALSE,TRUE,FALSE,TRUE,TRUE,FALSE,FALSE,FALSE,0,TRUE,1,1,2,3,FALSE,TRUE
Miami (Fla.),-0.5,5.3,-5.8,20.3,9.5,24.5,Grass,10,22,2022,Sat,12.5,Away,W,45,21,24,57421,88,0.244,FALSE,FALSE,Miami Gardens,FL,ESPN3,FALSE,NA,NA,NA,FALSE,FALSE,FALSE,TRUE,FALSE,FALSE,FALSE,FALSE,FALSE,TRUE,,FALSE,FALSE,0,TRUE,0,1,1,2,FALSE,TRUE
Boston College,-7.4,5.3,-12.7,20.3,0,15,Turf,11,4,2022,Fri,19,Away,W,38,31,7,34092,77,0.752,FALSE,FALSE,Chestnut Hill,MA,ESPN2,FALSE,NA,NA,NA,FALSE,FALSE,FALSE,TRUE,FALSE,FALSE,FALSE,FALSE,FALSE,FALSE,,FALSE,FALSE,1,TRUE,1,1,2,2,FALSE,TRUE
Virginia Tech,-6.2,5.3,-11.5,20.3,1.1,16.1,Grass,11,12,2022,Sat,12,Home,W,24,7,17,20857,52.13728627,0.795,FALSE,FALSE,Durham,NC,ESPN3,FALSE,NA,NA,NA,FALSE,FALSE,FALSE,TRUE,FALSE,FALSE,FALSE,FALSE,FALSE,FALSE,TRUE,FALSE,FALSE,2,TRUE,2,2,2,3,FALSE,TRUE
Pittsburgh,7.9,5.3,2.6,20.3,14.2,29.2,Grass,11,19,2022,Sat,12,Away,L,26,28,-2,45362,66,0.299,FALSE,FALSE,Pittsburgh,PA,ACCN,FALSE,NA,NA,22,FALSE,FALSE,TRUE,TRUE,FALSE,FALSE,FALSE,FALSE,FALSE,FALSE,,FALSE,FALSE,3,TRUE,2,3,3,3,FALSE,TRUE
Wake Forest,7.6,5.3,2.3,20.3,9.6,24.6,Grass,11,26,2022,Sat,15.5,Home,W,34,31,3,17492,43.72562744,0.492,FALSE,FALSE,Durham,NC,ACCN,FALSE,NA,NA,NA,FALSE,FALSE,FALSE,TRUE,TRUE,FALSE,FALSE,FALSE,FALSE,TRUE,FALSE,FALSE,FALSE,0,TRUE,1,2,3,3,FALSE,TRUE
UCF,6.9,5.3,1.6,20.3,2.3,17.3,Turf,12,28,2022,Wed,14,Neutral,W,30,13,17,17974,53,0.411,FALSE,FALSE,Annapolis,MD,ESPN,TRUE,NA,NA,NA,FALSE,FALSE,FALSE,TRUE,TRUE,FALSE,FALSE,FALSE,FALSE,FALSE,,FALSE,FALSE,1,TRUE,1,2,3,4,FALSE,TRUE
Clemson,13.5,8.9,4.6,3.7,17.6,12.3,Grass,9,4,2023,Mon,20,Home,W,28,7,21,31638,79.08709129,0.872,FALSE,FALSE,Durham,NC,ESPN,FALSE,NA,9,NA,FALSE,TRUE,FALSE,TRUE,TRUE,TRUE,FALSE,TRUE,TRUE,FALSE,,TRUE,TRUE,2,FALSE,2,2,3,4,FALSE,TRUE
Lafayette,NA,8.9,NA,3.7,NA,NA,Grass,9,9,2023,Sat,18,Home,W,42,7,35,17481,43.69813019,0.993,FALSE,TRUE,Durham,NC,ACCNX,FALSE,21,NA,NA,TRUE,FALSE,FALSE,TRUE,FALSE,FALSE,FALSE,TRUE,TRUE,FALSE,FALSE,FALSE,FALSE,3,FALSE,2,3,3,4,FALSE,TRUE
Northwestern,0.8,8.9,-8.1,3.7,-7.6,-12.9,Grass,9,16,2023,Sat,15.5,Home,W,38,14,24,18141,45.3479652,0.698,FALSE,FALSE,Durham,NC,ACCN,FALSE,21,NA,NA,TRUE,FALSE,FALSE,TRUE,FALSE,FALSE,FALSE,TRUE,TRUE,FALSE,FALSE,FALSE,FALSE,4,FALSE,2,3,4,4,FALSE,TRUE
Connecticut,-15.7,8.9,-24.6,3.7,-14.7,-20,Grass,9,23,2023,Sat,15.5,Away,W,41,7,34,29033,73,0.928,FALSE,TRUE,East Hartford,CT,CBSSN,FALSE,18,NA,NA,TRUE,FALSE,FALSE,TRUE,FALSE,FALSE,FALSE,TRUE,TRUE,FALSE,,FALSE,FALSE,5,FALSE,2,3,4,5,FALSE,TRUE
Notre Dame,22.1,8.9,13.2,3.7,12.6,7.3,Grass,9,30,2023,Sat,19.5,Home,L,14,21,-7,40768,101.909809,0.3,FALSE,FALSE,Durham,NC,ABC,FALSE,17,11,15,TRUE,TRUE,TRUE,TRUE,FALSE,FALSE,FALSE,TRUE,TRUE,FALSE,FALSE,FALSE,FALSE,6,FALSE,2,3,4,5,FALSE,TRUE
North Carolina St.,7.2,8.9,-1.7,3.7,6.5,1.2,Grass,10,14,2023,Sat,20,Home,W,24,3,21,31833,79.57454255,0.774,FALSE,TRUE,Durham,NC,ACCN,FALSE,17,NA,19,TRUE,FALSE,TRUE,FALSE,TRUE,FALSE,FALSE,FALSE,FALSE,TRUE,TRUE,FALSE,FALSE,0,FALSE,1,2,3,4,FALSE,TRUE
Florida St.,16.8,8.9,7.9,3.7,15.5,10.2,Grass,10,21,2023,Sat,19.5,Away,L,20,38,-18,79560,100,0.19,FALSE,FALSE,Tallahassee,FL,ABC,FALSE,16,4,4,TRUE,TRUE,TRUE,TRUE,FALSE,FALSE,FALSE,FALSE,FALSE,FALSE,,FALSE,FALSE,1,FALSE,1,2,3,4,FALSE,TRUE
Louisville,10.9,8.9,2,3.7,10.7,5.4,Turf,10,28,2023,Sat,15.5,Away,L,0,23,-23,52319,87,0.482,FALSE,TRUE,Louisville,KY,ESPN,FALSE,20,18,16,TRUE,TRUE,TRUE,TRUE,FALSE,FALSE,FALSE,FALSE,FALSE,TRUE,,FALSE,FALSE,0,FALSE,1,1,2,3,FALSE,TRUE
Wake Forest,-1.7,8.9,-10.6,3.7,7.6,2.3,Grass,11,2,2023,Thu,19.5,Home,W,24,21,3,18277,45.68793121,0.812,FALSE,FALSE,Durham,NC,ESPN,FALSE,NA,NA,NA,FALSE,FALSE,FALSE,FALSE,FALSE,FALSE,FALSE,FALSE,FALSE,TRUE,FALSE,FALSE,FALSE,0,FALSE,0,1,1,2,FALSE,TRUE
North Carolina,8.7,8.9,-0.2,3.7,6.2,0.9,Turf,11,11,2023,Sat,20,Away,L,45,47,-2,50500,99,0.36,FALSE,FALSE,Chapel Hill,NC,ACCN,FALSE,NA,24,NA,FALSE,TRUE,FALSE,FALSE,FALSE,FALSE,TRUE,FALSE,FALSE,FALSE,,FALSE,FALSE,1,FALSE,1,1,2,2,FALSE,TRUE
Virginia,-5.1,8.9,-14,3.7,-4,-9.3,Grass,11,18,2023,Sat,15,Away,L,27,30,-3,36400,59,0.798,FALSE,FALSE,Charlottesville,VA,CW,FALSE,NA,NA,NA,FALSE,FALSE,FALSE,FALSE,FALSE,FALSE,FALSE,FALSE,FALSE,TRUE,,FALSE,FALSE,0,FALSE,1,1,1,2,FALSE,TRUE
Pittsburgh,-0.5,8.9,-9.4,3.7,7.9,2.6,Grass,11,25,2023,Sat,12,Home,W,30,19,11,17639,44.09309069,0.788,FALSE,FALSE,Durham,NC,ACCN,FALSE,NA,NA,NA,FALSE,FALSE,FALSE,FALSE,TRUE,FALSE,FALSE,FALSE,FALSE,TRUE,FALSE,FALSE,FALSE,0,FALSE,0,1,1,1,FALSE,TRUE
Troy,5.8,8.9,-3.1,3.7,1.9,-3.4,Turf,12,23,2023,Sat,11,Neutral,W,17,10,7,20023,43,0.565,FALSE,FALSE,Birmingham,AL,ABC,TRUE,NA,NA,NA,FALSE,FALSE,FALSE,FALSE,TRUE,FALSE,FALSE,FALSE,FALSE,FALSE,,FALSE,FALSE,1,FALSE,1,1,2,2,FALSE,TRUE
Elon,,,,,NA,NA,Grass,8,31,2024,Sat,,Home,,,,,,,,,,Durham,NC,,,,,,,,,,,,FALSE,TRUE,TRUE,FALSE,,TRUE,TRUE,2,TRUE,2,2,2,3,TRUE,TRUE
Northwestern,,,,,0.8,-8.1,,9,7,2024,Sat,,Away,,,,,,,,,,Evanston,IL,,,,,,,,,,,,FALSE,,,,,FALSE,FALSE,,TRUE,,,,,TRUE,TRUE
Connecticut,,,,,-15.7,-24.6,Grass,9,14,2024,Sat,,Home,,,,,,,,,,Durham,NC,,,,,,,,,,,,FALSE,,,,,FALSE,FALSE,,TRUE,,,,,TRUE,TRUE
Middle Tenn. St.,,,,,-10.4,-19.3,,9,21,2024,Sat,,Away,,,,,,,,,,Murfreesboro,TN,,,,,,,,,,,,FALSE,,,,,FALSE,FALSE,,TRUE,,,,,TRUE,TRUE
Florida St.,,,,,16.8,7.9,,,,2024,,,,,,,,,,,,,,,,,,,,,,,,,,FALSE,,,,,FALSE,FALSE,,TRUE,,,,,TRUE,TRUE
North Carolina,,,,,8.7,-0.2,,,,2024,,,,,,,,,,,,,,,,,,,,,,,,,,TRUE,,,,,FALSE,FALSE,,TRUE,,,,,TRUE,TRUE
SMU,,,,,11.9,3,,,,2024,,,,,,,,,,,,,,,,,,,,,,,,,,FALSE,,,,,FALSE,FALSE,,TRUE,,,,,TRUE,TRUE
Virginia Tech,,,,,5.1,-3.8,,,,2024,,,,,,,,,,,,,,,,,,,,,,,,,,FALSE,,,,,FALSE,FALSE,,TRUE,,,,,TRUE,TRUE
Georgia Tech,,,,,4.1,-4.8,,,,2024,,,,,,,,,,,,,,,,,,,,,,,,,,FALSE,,,,,FALSE,FALSE,,TRUE,,,,,TRUE,TRUE
Miami (Fla.),,,,,10.1,1.2,,,,2024,,,,,,,,,,,,,,,,,,,,,,,,,,FALSE,,,,,FALSE,FALSE,,TRUE,,,,,TRUE,TRUE
North Carolina St.,,,,,7.2,-1.7,,,,2024,,,,,,,,,,,,,,,,,,,,,,,,,,FALSE,,,,,FALSE,FALSE,,TRUE,,,,,TRUE,TRUE
Wake Forest,,,,,-1.7,-10.6,,,,2024,,,,,,,,,,,,,,,,,,,,,,,,,,FALSE,,,,,FALSE,FALSE,,TRUE,,,,,TRUE,TRUE