Year,School,Coach,NewCoach,numGames,numHome,numWins,numLosses,overallPct,winningSeason,overallPct_prevYear,pointsScoredAvg,pointsAllowedAvg,pointDiffAvg,pointDiffAvg_prevYear,confPct,homePct,roadPct,neutralPct,bowlGame,bowlGame_prevYear,wonBowl_prevYear,confChampionshipGame,SOR_rank,SOR_rank_prevYear,FPI_rank,SOS_rank,GC_rank,AVGWP_rank,GC_rank_prevYear,AVGWP_rank_prevYear,AP_ranked,AP_ranked_prevYear,avgHeight,avgWeight,numPositions,numC,numCB,numDB,numDE,numDL,numDT,numK,numLB,numLS,numOG,numOL,numOT,numP,numQB,numRB,numS,numTE,numWR,numOffense,numDefense,numFreshmen,numSophomores,numJuniors,numSeniors,numPlayers,class_natlRank,class_confRank,class_score,transfer_natlRank,transfer_score,numGrad,numRedshirtFreshmen,numRedshirtSophomores,numRedshirtJuniors,numRedshirtSeniors,numRedshirting,3rd Down Conversion Pct_Natl_Rank,3rd Down Conversion Pct_Conf_Rank,3rd Down Conversion Pct_Value,3rd Down Conversion Pct Defense_Natl_Rank,3rd Down Conversion Pct Defense_Conf_Rank,3rd Down Conversion Pct Defense_Value,4th Down Conversion Pct_Natl_Rank,4th Down Conversion Pct_Conf_Rank,4th Down Conversion Pct_Value,4th Down Conversion Pct Defense_Natl_Rank,4th Down Conversion Pct Defense_Conf_Rank,4th Down Conversion Pct Defense_Value,Blocked Kicks_Natl_Rank,Blocked Kicks_Conf_Rank,Blocked Kicks_Value,Blocked Kicks Allowed_Natl_Rank,Blocked Kicks Allowed_Conf_Rank,Blocked Kicks Allowed_Value,Blocked Punts_Natl_Rank,Blocked Punts_Conf_Rank,Blocked Punts_Value,Blocked Punts Allowed_Natl_Rank,Blocked Punts Allowed_Conf_Rank,Blocked Punts Allowed_Value,Completion Percentage_Natl_Rank,Completion Percentage_Conf_Rank,Completion Percentage_Value,Defensive TDs_Natl_Rank,Defensive TDs_Conf_Rank,Defensive TDs_Value,Fewest Penalties_Natl_Rank,Fewest Penalties_Conf_Rank,Fewest Penalties_Value,Fewest Penalties Per Game_Natl_Rank,Fewest Penalties Per Game_Conf_Rank,Fewest Penalties Per Game_Value,Fewest Penalty Yards_Natl_Rank,Fewest Penalty Yards_Conf_Rank,Fewest Penalty Yards_Value,Fewest Penalty Yards Per Game_Natl_Rank,Fewest Penalty Yards Per Game_Conf_Rank,Fewest Penalty Yards Per Game_Value,First Downs Defense_Natl_Rank,First Downs Defense_Conf_Rank,First Downs Defense_Value,First Downs Offense_Natl_Rank,First Downs Offense_Conf_Rank,First Downs Offense_Value,Fumbles Lost_Natl_Rank,Fumbles Lost_Conf_Rank,Fumbles Lost_Value,Fumbles Recovered_Natl_Rank,Fumbles Recovered_Conf_Rank,Fumbles Recovered_Value,Kickoff Return Defense_Natl_Rank,Kickoff Return Defense_Conf_Rank,Kickoff Return Defense_Value,Kickoff Returns_Natl_Rank,Kickoff Returns_Conf_Rank,Kickoff Returns_Value,Net Punting_Natl_Rank,Net Punting_Conf_Rank,Net Punting_Value,Passes Had Intercepted_Natl_Rank,Passes Had Intercepted_Conf_Rank,Passes Had Intercepted_Value,Passes Intercepted_Natl_Rank,Passes Intercepted_Conf_Rank,Passes Intercepted_Value,Passing Offense_Natl_Rank,Passing Offense_Conf_Rank,Passing Offense_Value,Passing Yards Allowed_Natl_Rank,Passing Yards Allowed_Conf_Rank,Passing Yards Allowed_Value,Passing Yards per Completion_Natl_Rank,Passing Yards per Completion_Conf_Rank,Passing Yards per Completion_Value,Punt Return Defense_Natl_Rank,Punt Return Defense_Conf_Rank,Punt Return Defense_Value,Punt Returns_Natl_Rank,Punt Returns_Conf_Rank,Punt Returns_Value,Red Zone Defense_Natl_Rank,Red Zone Defense_Conf_Rank,Red Zone Defense_Value,Red Zone Offense_Natl_Rank,Red Zone Offense_Conf_Rank,Red Zone Offense_Value,Rushing Defense_Natl_Rank,Rushing Defense_Conf_Rank,Rushing Defense_Value,Rushing Offense_Natl_Rank,Rushing Offense_Conf_Rank,Rushing Offense_Value,Sacks Allowed_Natl_Rank,Sacks Allowed_Conf_Rank,Sacks Allowed_Value,Scoring Defense_Natl_Rank,Scoring Defense_Conf_Rank,Scoring Defense_Value,Scoring Offense_Natl_Rank,Scoring Offense_Conf_Rank,Scoring Offense_Value,Tackles for Loss Allowed_Natl_Rank,Tackles for Loss Allowed_Conf_Rank,Tackles for Loss Allowed_Value,Team Passing Efficiency_Natl_Rank,Team Passing Efficiency_Conf_Rank,Team Passing Efficiency_Value,Team Passing Efficiency Defense_Natl_Rank,Team Passing Efficiency Defense_Conf_Rank,Team Passing Efficiency Defense_Value,Team Sacks_Natl_Rank,Team Sacks_Conf_Rank,Team Sacks_Value,Team Tackles for Loss_Natl_Rank,Team Tackles for Loss_Conf_Rank,Team Tackles for Loss_Value,Time of Possession_Natl_Rank,Time of Possession_Conf_Rank,Time of Possession_Value,Total Defense_Natl_Rank,Total Defense_Conf_Rank,Total Defense_Value,Total Offense_Natl_Rank,Total Offense_Conf_Rank,Total Offense_Value,Turnover Margin_Natl_Rank,Turnover Margin_Conf_Rank,Turnover Margin_Value,Turnovers Gained_Natl_Rank,Turnovers Gained_Conf_Rank,Turnovers Gained_Value,Turnovers Lost_Natl_Rank,Turnovers Lost_Conf_Rank,Turnovers Lost_Value
2023,Duke,Elko,0,13,7,8,5,0.615385,1,0.692308,26.923077,18.230769,8.692308,11.769231,0.500000,0.857143,0.200000,1.000,1,1,1,0,35,41,29,49,29,39,36,23,0,0,6.141891892,227.4774775,15,0,10,0,10,0,8,2,11,3,0,16,0,1,4,7,11,6,18,51,50,31,8,9,15,111,60,10,85.07,58,32.96,24,12,6,3,3,0,88,9,0.368,57,8,0.383,37,3,0.6,16,1,0.393,10,2,3,1,1,0,0,0,0,1,1,0,108,13,0.56,29,3,2,53,4,73,48,5,5.62,40,4,583,37,4,44.85,88,11,264,78,10,244,56,7,7,95,14,5,71,4,20.11,47,8,21.13,2,1,43.51,30,3,8,65,7,10,110,13,180.8,41,5,210.8,79,10,11.76,14,1,3,57,8,9.31,10,2,0.744,56,5,0.86,45,5,141.9,56,9,167.2,24,3,1.31,16,1,19,66,8,26.9,31,2,4.77,105,13,119.8,26,4,121.45,56,8,2.23,31,6,6.2,92,10,29:00:00,41,7,352.7,94,11,348.1,66,8,0,97,13,15,33,2,15
2022,Duke,Elko,1,13,6,9,4,0.692308,1,0.250000,32.846154,21.076923,11.769231,-16.916667,0.625000,0.833333,0.500000,1.000,1,0,0,0,41,109,45,89,36,23,111,115,0,0,6.135885886,227.0630631,13,0,0,20,10,0,7,3,11,5,0,16,0,2,4,8,0,8,16,52,48,24,11,16,10,111,57,10,85.12,51,186.78,17,11,5,14,3,0,38,5,0.424,109,14,0.43,43,2,0.56,26,5,0.423,36,4,2,1,1,0,14,1,2,1,1,0,41,3,0.638,33,4,2,34,2,68,30,2,5.23,57,6,657,55,4,50.54,80,12,270,45,5,283,9,1,4,1,1,16,21,2,17.19,52,11,20.81,29,3,40.22,12,1,6,67,7,10,67,8,231.5,104,12,257.3,76,8,11.8,37,5,5.69,1,1,19.92,98,12,0.878,78,8,0.821,25,4,121.2,39,3,184.2,27,1,1.31,31,5,22.1,31,5,32.8,8,1,3.92,48,5,140.46,82,11,134.73,22,7,2.77,79,12,5.4,10,2,32:52:00,67,11,378.5,43,4,415.7,2,1,1.23,9,2,26,5,1,10
2021,Duke,Cutcliffe,0,12,7,3,9,0.250000,0,0.181818,22.833333,39.750000,-16.916667,-13.272727,0.000000,0.428571,0.000000,,0,0,0,0,109,110,113,77,111,115,101,104,0,0,6.17699115,225.9469027,15,5,10,0,9,0,7,3,9,5,6,0,7,2,6,9,13,7,15,55,48,24,20,11,5,113,55,12,83.69,87,15.47,18,4,16,10,5,0,45,5,0.424,125,14,0.48,112,13,0.379,118,14,0.692,67,5,1,1,1,0,32,3,1,1,1,0,31,3,0.646,0,0,0,68,5,78,77,8,6.5,84,9,740,100,9,61.67,112,11,289,61,7,267,122,14,12,76,8,6,7,1,15.16,35,7,23.14,52,5,40.18,40,6,9,93,10,8,64,7,237.9,129,14,311.8,115,14,10.77,75,6,8.5,58,9,8.47,123,13,0.927,123,14,0.721,117,13,206.2,50,5,179.7,66,5,2.25,127,14,39.8,102,14,22.8,116,13,7.08,95,11,125.98,123,13,159.22,96,11,1.75,97,12,4.8,84,9,29:19:00,130,14,517.9,54,7,417.6,108,12,-0.58,95,10,14,99,14,21
2020,Duke,Cutcliffe,0,11,5,2,9,0.181818,0,0.416667,24.818182,38.090909,-13.272727,-3.916667,0.100000,0.200000,0.166667,,0,0,0,0,110,69,99,44,101,104,65,89,0,0,6.206270627,231.4356436,15,5,6,0,7,0,7,3,9,3,7,0,6,2,7,6,10,9,14,54,39,24,12,6,15,101,57,10,83.75,,,0,15,13,12,4,0,74,10,0.387,74,10,0.413,87,12,0.478,101,13,0.667,7,2,3,53,4,1,1,1,3,85,8,1,101,12,0.563,21,4,2,87,5,62,50,6,5.64,90,5,562,61,6,51.09,111,10,247,27,8,238,127,15,20,6,3,11,78,9,21.92,62,11,20.11,21,7,41.19,127,15,19,35,8,9,70,11,222.6,63,4,231.6,91,14,11.13,8,1,0.75,35,5,9.44,65,9,0.841,78,11,0.8,108,15,213.2,72,10,156.7,114,14,3.36,115,15,38.1,91,13,24.8,107,11,7.36,116,13,108.44,83,13,141.01,26,6,2.82,43,9,6.6,96,11,28:34:00,98,11,444.8,80,14,379.4,125,15,-1.73,13,4,20,127,15,39
2019,Duke,Cutcliffe,0,12,6,5,7,0.416667,0,0.615385,25.250000,29.166667,-3.916667,2.000000,0.375000,0.500000,0.400000,0.000,0,1,1,0,69,35,64,48,65,89,34,48,0,0,6.172067901,229.8148148,15,3,7,0,10,0,8,5,9,3,5,0,12,3,7,8,10,7,11,53,44,28,7,15,9,108,48,9,84.8,,,0,13,13,17,6,0,115,12,0.332,43,7,0.372,30,4,0.606,65,6,0.524,31,3,2,30,6,1,6,1,2,78,9,1,95,11,0.563,0,0,0,22,3,63,31,5,5.25,21,4,544,27,5,45.33,25,3,232,108,13,224,127,13,14,59,8,8,56,4,20.29,14,4,24.95,26,4,40.37,108,13,14,76,9,9,110,12,179.3,24,3,199,125,14,10.1,96,10,9.65,32,4,11,76,11,0.844,20,2,0.906,87,10,180.6,79,10,150.3,86,7,2.33,77,9,29.2,94,11,25.3,25,2,4.92,115,12,112.48,40,5,123.77,18,6,2.92,31,8,6.7,89,11,29:01:00,56,7,379.6,114,13,329.7,123,13,-0.92,74,10,17,127,14,28
2018,Duke,Cutcliffe,0,13,6,8,5,0.615385,1,0.538462,29.384615,27.384615,2.000000,6.307692,0.375000,0.500000,0.666667,1.000,1,1,1,0,35,50,43,42,34,48,57,74,0,0,6.153549383,226.7592593,18,3,7,0,7,0,9,5,10,3,6,2,6,1,6,9,11,7,14,53,44,22,17,11,6,108,53,11,84.57,,,0,13,17,12,10,0,37,5,0.424,77,8,0.4,107,13,0.429,28,5,0.44,19,2,3,56,9,2,0,0,0,56,8,1,81,6,0.584,0,0,0,7,2,54,6,2,4.15,3,1,452,3,1,34.77,84,11,272,68,8,267,81,7,10,48,7,9,44,3,19.65,85,13,19.46,99,11,36.04,53,6,10,126,14,4,52,7,246.1,36,4,199.5,99,12,11.51,71,7,8.69,101,14,5.71,66,9,0.829,56,7,0.851,105,11,209.3,77,11,159.6,73,8,2.31,72,7,27.4,63,8,29.4,44,4,5.62,74,6,132.15,33,5,118.4,88,11,1.85,67,10,5.8,109,12,27:49:00,77,8,408.8,65,8,405.7,109,11,-0.54,114,13,13,79,10,20
2017,Duke,Cutcliffe,0,13,7,7,6,0.538462,1,0.333333,26.538462,20.230769,6.307692,-4.833333,0.375000,0.571429,0.400000,1.000,1,0,0,0,50,74,37,46,57,74,63,100,0,0,6.14953271,227.5233645,17,3,8,0,8,0,9,5,9,4,7,0,7,0,5,8,10,6,11,47,44,29,14,8,7,107,40,8,85.12,,,0,14,12,14,9,0,74,8,0.392,16,5,0.32,27,5,0.63,2,1,0.222,31,5,2,97,9,3,0,0,0,71,5,1,84,10,0.567,8,2,4,24,5,62,22,5,4.77,28,4,541,26,4,41.62,14,4,212,26,4,299,43,5,7,120,12,4,36,3,19.38,24,5,23.27,116,14,35.37,78,9,12,23,3,15,79,11,213.4,16,3,179.4,125,14,10.43,66,6,7.15,96,12,5.63,71,9,0.84,76,8,0.83,48,7,153.2,56,8,171.4,75,7,2.23,21,3,20.2,80,10,26.5,103,12,6.69,113,13,112.54,25,5,116.88,51,5,2.23,40,6,6.6,30,5,31:22:00,21,4,332.6,88,10,384.8,64,8,0,60,7,19,61,8,19
2016,Duke,Cutcliffe,0,12,6,4,8,0.333333,0,0.615385,23.333333,28.166667,-4.833333,6.153846,0.125000,0.500000,0.166667,,0,1,1,0,74,56,65,13,63,100,61,51,0,0,6.139967638,223.7378641,17,4,7,0,10,0,7,2,9,4,7,0,6,1,4,10,12,5,12,48,45,26,9,8,9,103,32,5,86.56,,,0,13,13,12,13,0,42,6,0.43,66,9,0.397,112,14,0.375,4,1,0.25,0,0,0,57,4,2,0,0,0,70,8,1,23,4,0.625,0,0,0,19,3,62,34,4,5.17,10,1,485,13,3,40.42,11,2,216,77,10,258,119,12,14,54,8,9,25,4,18.67,12,3,24.55,104,11,35.44,37,7,9,68,8,10,60,9,239.8,78,10,239.8,124,14,10.39,89,11,9.38,56,8,8.33,46,8,0.811,93,12,0.805,66,11,174.9,89,8,153.6,96,9,2.58,66,11,28.2,110,11,23.3,78,8,6.08,75,11,126.43,110,13,145.33,37,8,2.42,38,10,6.6,35,4,31:25:00,67,11,414.7,76,10,393.3,93,12,-0.33,67,8,19,94,10,23
2015,Duke,Cutcliffe,0,13,6,8,5,0.615385,1,0.692308,31.538462,25.384615,6.153846,10.615385,0.500000,0.500000,0.666667,1.000,1,1,0,0,56,40,61,68,61,51,42,30,0,0,6.135416667,225.5769231,19,4,7,0,9,0,8,2,9,3,7,1,5,2,5,7,11,6,14,49,44,23,12,11,10,104,48,10,84.11,,,0,12,12,14,10,0,33,4,0.433,61,10,0.377,66,9,0.5,25,2,0.409,78,9,1,1,1,0,0,0,0,1,1,0,71,8,0.578,0,0,0,41,5,71,38,5,5.46,40,5,615,39,6,47.31,70,12,262,24,3,310,88,10,11,45,6,9,34,4,19.63,7,1,26.18,34,6,38.83,41,7,10,71,7,11,45,5,246.5,87,12,240.9,109,14,10.9,9,4,3,81,9,7.07,77,9,0.85,66,9,0.836,49,7,153.8,37,5,192.9,27,4,1.38,47,7,25.4,48,5,31.5,6,2,4.15,96,12,118.38,81,11,133.99,114,13,1.31,54,8,6.5,90,13,28:40:00,60,10,394.7,36,3,439.4,75,9,-0.08,67,9,20,69,8,21
2014,Duke,Cutcliffe,0,13,7,9,4,0.692308,1,0.714286,32.384615,21.769231,10.615385,6.142857,0.625000,0.714286,0.800000,0.000,1,1,0,0,40,29,42,68,42,30,52,60,0,1,6.133633634,227.972973,19,2,8,0,8,0,9,3,12,3,8,6,5,1,7,8,10,6,11,53,47,24,13,12,9,111,52,11,83.99,,,0,15,13,13,12,0,52,7,0.418,15,4,0.344,45,4,0.552,11,3,0.29,70,6,1,1,1,0,0,0,0,1,1,0,74,9,0.569,41,8,2,29,5,64,24,4,4.92,18,3,503,14,3,38.69,96,10,285,46,4,286,26,4,7,50,9,10,108,12,23.25,8,3,25.25,21,4,39.73,24,3,8,68,8,11,77,8,216.5,33,7,206.8,110,11,10.5,3,1,2.06,10,1,13.54,101,12,0.882,34,2,0.875,92,12,192.9,46,4,181.8,8,2,1,24,4,21.8,40,4,32.4,1,1,3.15,82,9,119.8,23,4,115.2,55,9,2.23,107,12,4.7,80,9,29:11:00,67,11,399.7,66,7,398.3,33,2,0.46,57,9,21,16,2,15
2013,Duke,Cutcliffe,0,14,7,10,4,0.714286,1,0.461538,32.785714,26.642857,6.142857,-4.461538,0.666667,0.714286,1.000000,0.000,1,1,0,0,29,65,48,56,52,60,66,76,1,0,6.141666667,228.5909091,19,3,10,0,10,0,3,2,9,1,7,4,6,2,8,8,14,5,12,53,46,27,15,11,7,110,70,12,81.71,,,0,13,13,15,9,0,67,5,0.395,46,9,0.373,8,3,0.696,70,10,0.536,24,2,3,1,1,0,18,4,1,1,1,0,32,3,0.631,,,,43,4,64,25,3,4.57,54,5,570,32,4,40.71,121,14,311,36,3,298,12,4,6,73,10,8,54,7,20.61,12,3,24.72,41,4,37.77,117,14,19,13,3,18,50,6,248.1,82,11,243.9,79,10,11.66,102,10,10.95,3,2,14.59,52,8,0.822,39,5,0.862,75,11,174.1,54,5,178,15,2,1.21,63,9,26.6,41,5,32.8,5,1,3.86,47,7,135.09,74,11,129.84,89,14,1.64,106,13,4.9,84,11,29:03:00,82,12,418,47,4,426.1,60,8,0.07,26,4,26,96,12,25
2012,Duke,Cutcliffe,0,13,7,6,7,0.461538,0,0.250000,31.538462,36.000000,-4.461538,-8.666667,0.375000,0.714286,0.200000,0.000,1,0,0,0,65,99,73,50,66,76,100,106,0,0,6.154434251,230.1834862,20,4,5,3,11,0,5,2,13,2,6,3,6,1,6,7,11,7,12,51,48,30,16,9,6,109,64,12,82.16,,,0,4,14,12,9,9,98,9,34.67,76,9,41.76,45,5,55.56,71,7,51.85,,,,,,,,,,,,,,,,,,,,,,58,6,5.85,,,,48,6,49,66,9,21.15,44,4,22.15,47,4,9,35,2,12,68,6,21.59,114,10,17.98,39,2,38.03,63,6,12,63,6,11,31,5,283.92,82,11,243.9,,,,117,12,12.92,6,2,14.92,15,1,0.73,43,6,0.83,101,10,201.54,98,8,125.23,35,3,1.46,107,12,36,44,5,31.54,13,1,4.46,67,6,131.97,114,12,151.65,66,9,1.92,99,10,4.62,32,4,31:08:00,105,11,469.15,55,7,409.15,50,5,0.15,46,4,23,52,4,21
2011,Duke,Cutcliffe,0,12,7,3,9,0.250000,0,0.333333,22.500000,31.166667,-8.666667,-10.166667,0.125000,0.142857,0.400000,,0,0,0,0,99,90,86,46,100,106,81,95,0,0,6.035168196,223.6697248,21,4,9,1,8,2,4,4,10,1,7,3,5,3,6,6,13,8,11,50,47,29,11,8,12,109,63,12,81.49,,,0,13,18,10,6,2,,,,,,,,,,,,,,,,,,,,,,,,,,,,,,,,,,,,,,,,,,,,,,,,,,,,,,,,,,,,,,,,,,,,,,,,,,,,,,,,,,,,,,,,,,,,,,,,,,,,,,,,,,,,,,,,,,,,,,,,,,,,,,,,,,,,,,,,,,
2010,Duke,Cutcliffe,0,12,7,3,9,0.333333,0,0.416667,25.250000,35.416667,-10.166667,-3.166667,0.125000,0.285714,0.200000,,0,0,0,0,90,74,79,35,81,95,72,88,0,0,6.14347079,227.5773196,18,2,6,0,9,2,0,5,11,1,5,3,6,2,4,5,12,8,12,45,40,24,11,12,6,97,59,12,82.65,,,0,18,10,8,8,0,,,,,,,,,,,,,,,,,,,,,,,,,,,,,,,,,,,,,,,,,,,,,,,,,,,,,,,,,,,,,,,,,,,,,,,,,,,,,,,,,,,,,,,,,,,,,,,,,,,,,,,,,,,,,,,,,,,,,,,,,,,,,,,,,,,,,,,,,,
2009,Duke,Cutcliffe,0,12,6,5,7,0.416667,0,0.333333,25.166667,28.333333,-3.166667,-3.333333,0.375000,0.333333,0.500000,,0,0,0,0,74,78,78,53,72,88,65,90,0,0,6.14347079,227.5773196,18,2,6,0,9,2,0,5,11,1,5,3,6,2,4,5,12,8,12,45,40,0,0,0,0,97,49,10,83.39,,,0,18,10,8,8,0,,,,,,,,,,,,,,,,,,,,,,,,,,,,,,,,,,,,,,,,,,,,,,,,,,,,,,,,,,,,,,,,,,,,,,,,,,,,,,,,,,,,,,,,,,,,,,,,,,,,,,,,,,,,,,,,,,,,,,,,,,,,,,,,,,,,,,,,,,
2008,Duke,Cutcliffe,1,12,7,4,8,0.333333,0,0.083333,20.083333,23.416667,-3.333333,-15.250000,0.125000,0.428571,0.200000,,0,0,0,0,78,105,68,19,65,90,92,110,0,0,6.150833333,221.15,18,3,5,0,7,0,3,5,10,1,5,0,6,2,4,4,5,7,10,39,30,24,27,13,22,100,63,13,81,,,0,12,2,0,0,0,,,,,,,,,,,,,,,,,,,,,,,,,,,,,,,,,,,,,,,,,,,,,,,,,,,,,,,,,,,,,,,,,,,,,,,,,,,,,,,,,,,,,,,,,,,,,,,,,,,,,,,,,,,,,,,,,,,,,,,,,,,,,,,,,,,,,,,,,,
2007,Duke,Roof,0,12,5,1,11,0.083333,0,0.000000,17.916667,33.166667,-15.250000,-18.916667,0.000000,0.000000,0.142857,,0,0,0,0,105,118,91,24,92,110,110,117,0,0,6.187275986,231.3978495,19,3,9,0,5,0,4,2,12,1,8,0,6,2,3,4,0,5,11,40,30,23,16,23,14,93,113,14,79.5,,,0,17,0,0,0,0,,,,,,,,,,,,,,,,,,,,,,,,,,,,,,,,,,,,,,,,,,,,,,,,,,,,,,,,,,,,,,,,,,,,,,,,,,,,,,,,,,,,,,,,,,,,,,,,,,,,,,,,,,,,,,,,,,,,,,,,,,,,,,,,,,,,,,,,,,
2006,Duke,Roof,0,12,7,0,12,0.000000,0,0.090909,14.916667,33.833333,-18.916667,-21.000000,0.000000,0.000000,0.000000,,0,0,0,0,118,108,109,26,110,117,100,110,0,0,6.173076923,229.8901099,22,3,9,0,6,0,6,3,14,1,3,6,3,1,4,4,2,4,10,37,37,26,22,21,13,91,64,13,80.29,,,0,9,0,0,0,0,,,,,,,,,,,,,,,,,,,,,,,,,,,,,,,,,,,,,,,,,,,,,,,,,,,,,,,,,,,,,,,,,,,,,,,,,,,,,,,,,,,,,,,,,,,,,,,,,,,,,,,,,,,,,,,,,,,,,,,,,,,,,,,,,,,,,,,,,,
2005,Duke,Roof,0,11,6,1,11,0.090909,0,0.181818,16.090909,37.090909,-21.000000,-13.545455,0.000000,0.166667,0.000000,,0,0,0,0,108,,104,39,100,110,,,0,0,6.089166667,224.85,19,3,8,0,6,0,7,5,16,1,5,0,7,1,6,6,7,4,8,39,44,25,21,29,15,100,43,5,81,,,0,0,0,0,0,0,,,,,,,,,,,,,,,,,,,,,,,,,,,,,,,,,,,,,,,,,,,,,,,,,,,,,,,,,,,,,,,,,,,,,,,,,,,,,,,,,,,,,,,,,,,,,,,,,,,,,,,,,,,,,,,,,,,,,,,,,,,,,,,,,,,,,,,,,,
2023,Miami,Cristobal,0,13,7,7,6,0.538462,1,0.416667,31.461538,22.769231,8.692308,-3.166667,0.375000,0.714286,0.400000,0.000,1,0,0,0,49,79,24,61,39,46,90,99,0,0,,,,,,,,,,,,,,,,,,,,,,,,,,,,,,,,,,,,,,,,,,,,,,,,,,,,,,,,,,,,,,,,,,,,,,,,,,,,,,,,,,,,,,,,,,,,,,,,,,,,,,,,,,,,,,,,,,,,,,,,,,,,,,,,,,,,,,,,,,,,,,,,,,,,,,,,,,,,,,,,,,,,,,,,,,,,,,,,,
2022,Miami,Cristobal,1,12,7,5,7,0.416667,0,0.583333,23.583333,26.750000,-3.166667,5.666667,0.375000,0.285714,0.600000,,0,1,0,0,79,35,69,67,90,99,43,57,0,0,,,,,,,,,,,,,,,,,,,,,,,,,,,,,,,,,,,,,,,,,,,,,,,,,,,,,,,,,,,,,,,,,,,,,,,,,,,,,,,,,,,,,,,,,,,,,,,,,,,,,,,,,,,,,,,,,,,,,,,,,,,,,,,,,,,,,,,,,,,,,,,,,,,,,,,,,,,,,,,,,,,,,,,,,,,,,,,,,
2021,Miami,Diaz,0,12,7,7,5,0.583333,1,0.727273,34.083333,28.416667,5.666667,7.000000,0.625000,0.833333,0.500000,0.000,1,1,0,0,35,20,23,36,43,57,43,49,0,1,,,,,,,,,,,,,,,,,,,,,,,,,,,,,,,,,,,,,,,,,,,,,,,,,,,,,,,,,,,,,,,,,,,,,,,,,,,,,,,,,,,,,,,,,,,,,,,,,,,,,,,,,,,,,,,,,,,,,,,,,,,,,,,,,,,,,,,,,,,,,,,,,,,,,,,,,,,,,,,,,,,,,,,,,,,,,,,,,
2020,Miami,Diaz,0,11,5,8,3,0.727273,1,0.461538,34.000000,27.000000,7.000000,5.461538,0.777778,0.800000,0.800000,0.000,1,1,0,0,20,78,25,32,43,49,60,65,1,0,,,,,,,,,,,,,,,,,,,,,,,,,,,,,,,,,,,,,,,,,,,,,,,,,,,,,,,,,,,,,,,,,,,,,,,,,,,,,,,,,,,,,,,,,,,,,,,,,,,,,,,,,,,,,,,,,,,,,,,,,,,,,,,,,,,,,,,,,,,,,,,,,,,,,,,,,,,,,,,,,,,,,,,,,,,,,,,,,
2019,Miami,Diaz,1,13,6,6,7,0.461538,0,0.538462,25.692308,20.230769,5.461538,9.307692,0.500000,0.666667,0.400000,0.000,1,1,0,0,78,54,45,63,60,65,54,68,0,0,,,,,,,,,,,,,,,,,,,,,,,,,,,,,,,,,,,,,,,,,,,,,,,,,,,,,,,,,,,,,,,,,,,,,,,,,,,,,,,,,,,,,,,,,,,,,,,,,,,,,,,,,,,,,,,,,,,,,,,,,,,,,,,,,,,,,,,,,,,,,,,,,,,,,,,,,,,,,,,,,,,,,,,,,,,,,,,,,
2018,Miami,Richt,0,13,6,7,6,0.538462,1,0.769231,28.769231,19.461538,9.307692,8.076923,0.500000,0.833333,0.400000,0.000,1,1,0,0,54,14,27,51,54,68,24,32,0,1,,,,,,,,,,,,,,,,,,,,,,,,,,,,,,,,,,,,,,,,,,,,,,,,,,,,,,,,,,,,,,,,,,,,,,,,,,,,,,,,,,,,,,,,,,,,,,,,,,,,,,,,,,,,,,,,,,,,,,,,,,,,,,,,,,,,,,,,,,,,,,,,,,,,,,,,,,,,,,,,,,,,,,,,,,,,,,,,,
2017,Miami,Richt,0,13,6,10,3,0.769231,1,0.692308,29.076923,21.000000,8.076923,15.769231,0.777778,1.000000,0.750000,0.000,1,1,1,1,14,21,17,17,24,32,14,22,1,1,,,,,,,,,,,,,,,,,,,,,,,,,,,,,,,,,,,,,,,,,,,,,,,,,,,,,,,,,,,,,,,,,,,,,,,,,,,,,,,,,,,,,,,,,,,,,,,,,,,,,,,,,,,,,,,,,,,,,,,,,,,,,,,,,,,,,,,,,,,,,,,,,,,,,,,,,,,,,,,,,,,,,,,,,,,,,,,,,
2016,Miami,Richt,1,13,6,9,4,0.692308,1,0.615385,34.307692,18.538462,15.769231,-0.384615,0.625000,0.666667,0.666667,1.000,1,1,0,0,21,37,14,26,14,22,40,56,1,0,,,,,,,,,,,,,,,,,,,,,,,,,,,,,,,,,,,,,,,,,,,,,,,,,,,,,,,,,,,,,,,,,,,,,,,,,,,,,,,,,,,,,,,,,,,,,,,,,,,,,,,,,,,,,,,,,,,,,,,,,,,,,,,,,,,,,,,,,,,,,,,,,,,,,,,,,,,,,,,,,,,,,,,,,,,,,,,,,
2015,Miami,Golden,0,13,6,8,5,0.615385,1,0.461538,27.769231,28.153846,-0.384615,4.923077,0.625000,0.833333,0.500000,0.000,1,1,0,0,37,58,52,30,40,56,27,38,0,0,,,,,,,,,,,,,,,,,,,,,,,,,,,,,,,,,,,,,,,,,,,,,,,,,,,,,,,,,,,,,,,,,,,,,,,,,,,,,,,,,,,,,,,,,,,,,,,,,,,,,,,,,,,,,,,,,,,,,,,,,,,,,,,,,,,,,,,,,,,,,,,,,,,,,,,,,,,,,,,,,,,,,,,,,,,,,,,,,
2014,Miami,Golden,0,13,7,6,7,0.461538,0,0.692308,29.230769,24.307692,4.923077,7.076923,0.375000,0.714286,0.200000,0.000,1,1,0,0,58,30,36,31,27,38,38,40,0,0,,,,,,,,,,,,,,,,,,,,,,,,,,,,,,,,,,,,,,,,,,,,,,,,,,,,,,,,,,,,,,,,,,,,,,,,,,,,,,,,,,,,,,,,,,,,,,,,,,,,,,,,,,,,,,,,,,,,,,,,,,,,,,,,,,,,,,,,,,,,,,,,,,,,,,,,,,,,,,,,,,,,,,,,,,,,,,,,,
2013,Miami,Golden,0,13,7,9,4,0.692308,1,0.583333,33.846154,26.769231,7.076923,0.916667,0.625000,0.857143,0.600000,0.000,1,0,0,0,30,36,35,49,38,40,39,59,0,0,,,,,,,,,,,,,,,,,,,,,,,,,,,,,,,,,,,,,,,,,,,,,,,,,,,,,,,,,,,,,,,,,,,,,,,,,,,,,,,,,,,,,,,,,,,,,,,,,,,,,,,,,,,,,,,,,,,,,,,,,,,,,,,,,,,,,,,,,,,,,,,,,,,,,,,,,,,,,,,,,,,,,,,,,,,,,,,,,
2012,Miami,Golden,0,12,6,7,5,0.583333,1,0.500000,31.416667,30.500000,0.916667,6.416667,0.625000,0.666667,0.500000,,0,0,0,0,36,63,44,31,39,59,52,56,0,0,,,,,,,,,,,,,,,,,,,,,,,,,,,,,,,,,,,,,,,,,,,,,,,,,,,,,,,,,,,,,,,,,,,,,,,,,,,,,,,,,,,,,,,,,,,,,,,,,,,,,,,,,,,,,,,,,,,,,,,,,,,,,,,,,,,,,,,,,,,,,,,,,,,,,,,,,,,,,,,,,,,,,,,,,,,,,,,,,
2011,Miami,Golden,1,12,7,6,6,0.500000,1,0.538462,26.500000,20.083333,6.416667,5.615385,0.375000,0.571429,0.400000,,0,1,0,0,63,32,31,47,52,56,37,62,0,0,,,,,,,,,,,,,,,,,,,,,,,,,,,,,,,,,,,,,,,,,,,,,,,,,,,,,,,,,,,,,,,,,,,,,,,,,,,,,,,,,,,,,,,,,,,,,,,,,,,,,,,,,,,,,,,,,,,,,,,,,,,,,,,,,,,,,,,,,,,,,,,,,,,,,,,,,,,,,,,,,,,,,,,,,,,,,,,,,
2010,Miami,Shannon,0,13,7,7,6,0.538462,1,0.692308,26.307692,20.692308,5.615385,8.153846,0.625000,0.500000,0.666667,0.000,1,1,0,0,32,16,24,6,37,62,31,52,0,1,,,,,,,,,,,,,,,,,,,,,,,,,,,,,,,,,,,,,,,,,,,,,,,,,,,,,,,,,,,,,,,,,,,,,,,,,,,,,,,,,,,,,,,,,,,,,,,,,,,,,,,,,,,,,,,,,,,,,,,,,,,,,,,,,,,,,,,,,,,,,,,,,,,,,,,,,,,,,,,,,,,,,,,,,,,,,,,,,
2009,Miami,Shannon,0,13,6,9,4,0.692308,1,0.538462,30.307692,22.153846,8.153846,3.307692,0.625000,0.833333,0.666667,0.000,1,0,0,0,16,44,18,9,31,52,51,67,1,0,,,,,,,,,,,,,,,,,,,,,,,,,,,,,,,,,,,,,,,,,,,,,,,,,,,,,,,,,,,,,,,,,,,,,,,,,,,,,,,,,,,,,,,,,,,,,,,,,,,,,,,,,,,,,,,,,,,,,,,,,,,,,,,,,,,,,,,,,,,,,,,,,,,,,,,,,,,,,,,,,,,,,,,,,,,,,,,,,
2008,Miami,Shannon,0,13,6,7,6,0.538462,1,0.416667,27.461538,24.153846,3.307692,-5.416667,0.500000,0.666667,0.428571,,0,0,0,0,44,74,38,26,51,67,65,71,0,0,,,,,,,,,,,,,,,,,,,,,,,,,,,,,,,,,,,,,,,,,,,,,,,,,,,,,,,,,,,,,,,,,,,,,,,,,,,,,,,,,,,,,,,,,,,,,,,,,,,,,,,,,,,,,,,,,,,,,,,,,,,,,,,,,,,,,,,,,,,,,,,,,,,,,,,,,,,,,,,,,,,,,,,,,,,,,,,,,
2007,Miami,Shannon,1,12,7,5,7,0.416667,0,0.538462,20.583333,26.000000,-5.416667,4.153846,0.250000,0.571429,0.200000,,0,1,1,0,74,54,62,52,65,71,50,45,0,0,,,,,,,,,,,,,,,,,,,,,,,,,,,,,,,,,,,,,,,,,,,,,,,,,,,,,,,,,,,,,,,,,,,,,,,,,,,,,,,,,,,,,,,,,,,,,,,,,,,,,,,,,,,,,,,,,,,,,,,,,,,,,,,,,,,,,,,,,,,,,,,,,,,,,,,,,,,,,,,,,,,,,,,,,,,,,,,,,
2006,Miami,Coker,0,13,7,7,6,0.538462,1,0.750000,19.615385,15.461538,4.153846,12.833333,0.375000,0.714286,0.200000,1.000,1,1,0,0,54,16,43,57,50,45,15,16,0,1,,,,,,,,,,,,,,,,,,,,,,,,,,,,,,,,,,,,,,,,,,,,,,,,,,,,,,,,,,,,,,,,,,,,,,,,,,,,,,,,,,,,,,,,,,,,,,,,,,,,,,,,,,,,,,,,,,,,,,,,,,,,,,,,,,,,,,,,,,,,,,,,,,,,,,,,,,,,,,,,,,,,,,,,,,,,,,,,,
2005,Miami,Coker,0,12,6,9,3,0.750000,1,0.750000,27.083333,14.250000,12.833333,14.666667,0.750000,0.833333,0.800000,0.000,1,1,1,0,16,,11,45,15,16,,,1,1,,,,,,,,,,,,,,,,,,,,,,,,,,,,,,,,,,,,,,,,,,,,,,,,,,,,,,,,,,,,,,,,,,,,,,,,,,,,,,,,,,,,,,,,,,,,,,,,,,,,,,,,,,,,,,,,,,,,,,,,,,,,,,,,,,,,,,,,,,,,,,,,,,,,,,,,,,,,,,,,,,,,,,,,,,,,,,,,,